asv	superkingdom	phylum	class	order	family	genus	species
01045affa3171ecf1f3c29bbe54a892a	Eukaryota	Basidiomycota	Tremellomycetes	Tremellales	Trimorphomycetaceae	Carlosrosaea	Carlosrosaea aechmeae
015b14811b5dce087d1b35fb6a82207c	Eukaryota	Basidiomycota	Microbotryomycetes	Sporidiobolales	Sporidiobolaceae	Rhodotorula	Rhodotorula babjevae
019d812aa553fbb3888e33358993a129	Eukaryota	Ascomycota	Sordariomycetes	Microascales	Microascaceae	Enterocarpus	Enterocarpus grenotii
028aba5cf99055a79a0040ed15c96c93	Eukaryota	Ascomycota	Sordariomycetes	Diaporthales	Diaporthaceae	Diaporthe	Diaporthe toxica
029249770ceacc1092d1d35936a6ffec	Eukaryota	Ascomycota	Orbiliomycetes	Orbiliales	Orbiliaceae	Orbilia	Orbilia xinjiangensis
02b2f50627247cbbd4e769db6b84f343	Eukaryota	Ascomycota	Eurotiomycetes	Sclerococcales	Dactylosporaceae	Sclerococcum	Sclerococcum tardum
02c0c9bf30eedac7d91812e4fc196b14	Eukaryota	Ascomycota	Dothideomycetes	NA	NA	Pseudoarthrographis	Pseudoarthrographis phlogis
02d84fe410b803fdd7c64eaf893f7bf5	Eukaryota	Streptophyta	Bryopsida	Bryales	Mniaceae	Plagiomnium	Plagiomnium medium
0322bc79ce739ea357dcf5501da6caf7	Eukaryota	Ascomycota	Eurotiomycetes	Eurotiales	Aspergillaceae	Penicillium	Penicillium subrubescens
032c90bf80a2342648dc0fd18e3c432a	Eukaryota	Ascomycota	Dothideomycetes	Botryosphaeriales	Botryosphaeriaceae	Macrophomina	Macrophomina pseudophaseolina
03415e47b71669317414f821ede36dce	Eukaryota	Ascomycota	Eurotiomycetes	Onygenales	Ajellomycetaceae	Emmonsiellopsis	Emmonsiellopsis tuberculata
03ec434864da6489e8ff5ed27c600d80	Eukaryota	Ascomycota	Dothideomycetes	Tubeufiales	Bezerromycetaceae	Bezerromyces	Bezerromyces gobabebensis
03f6ea5f2a015c9fc480ee862500efa8	Eukaryota	Ascomycota	Eurotiomycetes	Chaetothyriales	Herpotrichiellaceae	Cladophialophora	Cladophialophora recurvata
0443c7354925e24d8506457e2a2a4433	Eukaryota	Basidiomycota	Agaricomycetes	Agaricales	Mycenaceae	Mycena	Mycena fulgoris
04a0e9835fd26f8b02de2ee98209e879	Eukaryota	Ascomycota	Sordariomycetes	Diaporthales	NA	Prosopidicola	Prosopidicola mexicana
04d060397cd0f6bab9e64c99b74872f1	Eukaryota	Ascomycota	Dothideomycetes	Pleosporales	Thyridariaceae	Roussoella	Roussoella thailandica
04fa9d08dfe49ef8de1e2e6a012880ea	Eukaryota	Chytridiomycota	Chytridiomycetes	Rhizophydiales	NA	Operculomyces	Operculomyces laminatus
0503cddb2b3dbb910d3927bf7092fa01	Eukaryota	Ascomycota	Dothideomycetes	Pleosporales	Phaeosphaeriaceae	Neoophiobolus	Neoophiobolus chromolaenae
051725b7ab1330beed3e8a21f6c7ec04	Eukaryota	Ascomycota	Dothideomycetes	Pleosporales	Lindgomycetaceae	Hongkongmyces	Hongkongmyces pedis
05753e7a559a2d31cd68449b5aa638cf	Eukaryota	Ascomycota	Sordariomycetes	Microascales	Microascaceae	Microascus	Microascus cinereus
05ca58e6c5e62379f75b6fd19dcc77d3	Eukaryota	Ascomycota	Dothideomycetes	Pleosporales	Phaeosphaeriaceae	Neostagonospora	Neostagonospora caricis
05cd0b65c3cc9c5d9ac03c186a7e13a4	Eukaryota	Mucoromycota	Glomeromycetes	Glomerales	Glomeraceae	Rhizophagus	Rhizophagus irregularis
063bd49e677b919e694e5f301b819271	Eukaryota	Basidiomycota	Agaricomycetes	Agaricales	Lycoperdaceae	Bovista	Bovista reunionis
066bbe8cf90b9e779032296796363a25	Eukaryota	Ascomycota	Dothideomycetes	NA	NA	Pseudoarthrographis	Pseudoarthrographis phlogis
067709c09293334d5d6eed4a8588dff1	Eukaryota	Basidiomycota	Agaricomycetes	Agaricales	Cortinariaceae	Phlegmacium	Phlegmacium subfoetens
06b81d337bdcd44323859340fd3f897a	Eukaryota	Ascomycota	Dothideomycetes	Cladosporiales	Cladosporiaceae	Cladosporium	Cladosporium crousii
07a974c25b52310c36c557381a9847e0	Eukaryota	Basidiomycota	Tremellomycetes	Tremellales	Rhynchogastremataceae	Papiliotrema	Papiliotrema mangalensis
07aa726820aa214817744057daf20b66	Eukaryota	Mucoromycota	Umbelopsidomycetes	Umbelopsidales	Pygmaeomycetaceae	Pygmaeomyces	Pygmaeomyces thomasii
07ff256831a2665d44d6dd60173fc6bd	Eukaryota	Ascomycota	Dothideomycetes	Venturiales	Sympoventuriaceae	Sympoventuria	Sympoventuria capensis
08401253daafec8e7e777d50efd6bceb	Eukaryota	Ascomycota	Dothideomycetes	Mytilinidiales	Mytilinidiaceae	Pseudocamaropycnis	Pseudocamaropycnis pini
0860a9a3c7e99af51e06405bdd1c74cc	Eukaryota	Ascomycota	Orbiliomycetes	Orbiliales	Orbiliaceae	Orbilia	Orbilia subvitalbae
08f112efc85d84f2fc65fc5d32e38c44	Eukaryota	Blastocladiomycota	Blastocladiomycetes	Blastocladiales	Blastocladiaceae	Allomyces	Allomyces arbusculus
0950b63e19a3dbb371b70baf5fcc98f0	Eukaryota	Mucoromycota	Mortierellomycetes	Mortierellales	Mortierellaceae	Mortierella	Mortierella lapis
09623591834e529425b5fcecd4707af9	Eukaryota	Chytridiomycota	Chytridiomycetes	Rhizophydiales	Alphamycetaceae	Alphamyces	Alphamyces chaetifer
096460ec4df4872c2f2bee76a45f5fd1	Eukaryota	Ascomycota	Pezizomycetes	Pezizales	Pezizaceae	Terfezia	Terfezia cistophila
09b5726578b1a2d78c751a27f8d92254	Eukaryota	Zoopagomycota	Zoopagomycetes	Zoopagales	Piptocephalidaceae	Piptocephalis	Piptocephalis moniliformis
09dab2e4993bfdd65d72ba44d35ed7db	Eukaryota	Ascomycota	Leotiomycetes	Helotiales	NA	Chalara	Chalara hyalocuspica
0a04fe51d46d9ca50a2f95551251f93c	Eukaryota	Mucoromycota	Umbelopsidomycetes	Umbelopsidales	Umbelopsidaceae	Umbelopsis	Umbelopsis dimorpha
0a8667cd493ca300e1450a299e9a92df	Eukaryota	Ascomycota	Eurotiomycetes	Chaetothyriales	Herpotrichiellaceae	Cladophialophora	Cladophialophora recurvata
0b0b5aa4b13cc3bcc39d8a88bc2bb883	Eukaryota	Ascomycota	Eurotiomycetes	Eurotiales	Aspergillaceae	Penicillium	Penicillium subrubescens
0c116b5de45d39c537eca16de613e672	Eukaryota	Ascomycota	Eurotiomycetes	Eurotiales	Aspergillaceae	Aspergillus	Aspergillus fumisynnematus
0c31359295cb9c0304f82a2273433d04	Eukaryota	Ascomycota	Leotiomycetes	Helotiales	Hyaloscyphaceae	Hyaloscypha	Hyaloscypha bicolor
0c31a725c1dc7cae9808e52e0fc03ec1	Eukaryota	Basidiomycota	Agaricomycetes	Sebacinales	NA	Chaetospermum	Chaetospermum chaetosporum
0c984cb962339090a07629daefb9f6dd	Eukaryota	Mucoromycota	Glomeromycetes	Glomerales	Glomeraceae	Rhizophagus	Rhizophagus prolifer
0cbb52aa7bfad1b4835178721328ebb5	Eukaryota	Basidiomycota	Agaricomycetes	Auriculariales	NA	Psilochaete	Psilochaete multifora
0cbff70e7681f50fb825312a5a42ed2e	Eukaryota	Basidiomycota	Agaricomycetes	Agaricales	Psathyrellaceae	Coprinellus	Coprinellus ovatus
0d69cd60a971ee62282e1a5ebc52d189	Eukaryota	Ascomycota	Pezizomycetes	Pezizales	Sarcosomataceae	Plectania	Plectania zugazae
0f3014a571b19737f0a7f41d63d2fe22	Eukaryota	Ascomycota	Dothideomycetes	Pleosporales	Phaeosphaeriaceae	Didymocyrtis	Didymocyrtis banksiae
107a9ca3e84005adeaeb8ae5a6fb087b	Eukaryota	Ascomycota	Dothideomycetes	Pleosporales	Occultibambusaceae	Neooccultibambusa	Neooccultibambusa thailandensis
10f9b26edd4fbe73386445b4902725ae	Eukaryota	Ascomycota	Dothideomycetes	Pleosporales	Melanommataceae	Camposporium	Camposporium septatum
1126f5690c8008b002a8f8bdbf80f72e	Eukaryota	Mucoromycota	Umbelopsidomycetes	Umbelopsidales	Umbelopsidaceae	Umbelopsis	Umbelopsis autotrophica
115833a993075a43a39af6ee3a6f9d62	Eukaryota	Mucoromycota	Glomeromycetes	Glomerales	Glomeraceae	Rhizophagus	Rhizophagus prolifer
116f406a084d02d114c39cc610f69e85	Eukaryota	Basidiomycota	Cystobasidiomycetes	Cystobasidiales	NA	Occultifur	Occultifur externus
12c3ea83a60fea31f0142342bd1615c0	Eukaryota	Mucoromycota	Glomeromycetes	Glomerales	Glomeraceae	Rhizophagus	Rhizophagus prolifer
130e51fe6f615f428508454f24c1247c	Eukaryota	Ascomycota	Orbiliomycetes	Orbiliales	Orbiliaceae	Retiarius	Retiarius revayae
1315bd9acb5d42109095d19e2dee30fd	Eukaryota	Streptophyta	Lycopodiopsida	Selaginellales	Selaginellaceae	Selaginella	Selaginella imbricata
13256b1d59ffffdb09977482bc6c7319	Eukaryota	Olpidiomycota	Olpidiomycetes	Olpidiales	Olpidiaceae	Olpidium	Olpidium brassicae
13336e981032f14def643f6edbe8b5fe	Eukaryota	Ascomycota	Dothideomycetes	Pleosporales	Sporormiaceae	Preussia	Preussia flanaganii
13973f61e93b85f773a5e91664ac3bd0	Eukaryota	Basidiomycota	Microbotryomycetes	Heterogastridiales	Heterogastridiaceae	Pycnopulvinus	Pycnopulvinus aurantiacus
13d96b2541fdac89895b2a3ac4d2c26d	Eukaryota	Ascomycota	Dothideomycetes	Dothideales	Saccotheciaceae	Aureobasidium	Aureobasidium pullulans
144fbfa8dc61153770e5864a2bbf5f0d	Eukaryota	Ascomycota	Dothideomycetes	Pleosporales	Pseudopyrenochaetaceae	Pseudopyrenochaeta	Pseudopyrenochaeta terrestris
14737a747a69b14c8190f3a0e5857055	Eukaryota	Ascomycota	Orbiliomycetes	Orbiliales	Orbiliaceae	Dactylella	Dactylella tenuifusaria
1473cd70981ccf0c61a09cfc9eccaa83	Eukaryota	Ascomycota	Dothideomycetes	NA	NA	Soloacrosporiella	Soloacrosporiella acaciae
14a99dc08d9e794dbb094f7c4b84fa88	Eukaryota	Ascomycota	Eurotiomycetes	Chaetothyriales	Chaetothyriaceae	Nullicamyces	Nullicamyces eucalypti
153266fff009158040cc806be58e78bd	Eukaryota	Chytridiomycota	Chytridiomycetes	Rhizophydiales	NA	Operculomyces	Operculomyces laminatus
155e1d9bf846e58877bac0c0007fe3ba	Eukaryota	Basidiomycota	Cystobasidiomycetes	Cystobasidiales	NA	Occultifur	Occultifur externus
156d4518b44400d7d20eb2e901c4a8f6	Eukaryota	Chytridiomycota	Chytridiomycetes	Rhizophlyctidales	Borealophlyctidaceae	Borealophlyctis	Borealophlyctis paxensis
1604d37d03da15ebd6582434049da32e	Eukaryota	Mucoromycota	Glomeromycetes	Glomerales	Glomeraceae	Glomus	Glomus macrocarpum
1647c94b6511591268869526e1549225	Eukaryota	Ascomycota	NA	NA	NA	Pseudopenidiella	Pseudopenidiella piceae
167e61af76c2d435e6110f3d15392ddc	Eukaryota	Basidiomycota	Microbotryomycetes	Sporidiobolales	Sporidiobolaceae	Rhodosporidiobolus	Rhodosporidiobolus nylandii
1791060269380969289fd4a7fb87272f	Eukaryota	Mucoromycota	Glomeromycetes	Archaeosporales	Archaeosporaceae	Archaeospora	Archaeospora ecuadoriana
17bc0c303221cfc5be3313a51218a802	Eukaryota	Basidiomycota	Agaricomycetes	Agaricales	Entolomataceae	Entoloma	Entoloma nubooccultatum
18b5fc332ddd6bdb62ef0316c7479c74	Eukaryota	Chytridiomycota	Chytridiomycetes	NA	Quaeritorhizaceae	Quaeritorhiza	Quaeritorhiza haematococci
1954d4daaed02595c470ce48a8701eee	Eukaryota	Basidiomycota	Microbotryomycetes	Sporidiobolales	Sporidiobolaceae	Rhodosporidiobolus	Rhodosporidiobolus fluvialis
199d8f12ab1129ef3086524cf0079850	Eukaryota	Ascomycota	Leotiomycetes	Helotiales	Rutstroemiaceae	Clarireedia	Clarireedia bennettii
19eb00d1e73c1c43372d65e8cdb1d127	Eukaryota	Mucoromycota	Glomeromycetes	Glomerales	Glomeraceae	Rhizophagus	Rhizophagus irregularis
1a0fff4679f58aee29e9127b89781115	Eukaryota	Ascomycota	Eurotiomycetes	Chaetothyriales	Herpotrichiellaceae	Cladophialophora	Cladophialophora nyingchiensis
1a73d0a221721e65327d14905fce814c	Eukaryota	Chytridiomycota	Chytridiomycetes	Rhizophydiales	Alphamycetaceae	Alphamyces	Alphamyces chaetifer
1a758c2e547b407ad2b3db5202367fe0	Eukaryota	Ascomycota	Dothideomycetes	Cladosporiales	Cladosporiaceae	Rachicladosporium	Rachicladosporium eucalypti
1ab06a780ca06eca7df927d92a7f1a56	Eukaryota	Chytridiomycota	Chytridiomycetes	Rhizophydiales	Alphamycetaceae	Alphamyces	Alphamyces chaetifer
1ac5cf2a315c4c7342663c6658212d70	Eukaryota	Ascomycota	Leotiomycetes	Chaetomellales	Chaetomellaceae	Chaetomella	Chaetomella zambiensis
1af6e684141e03f632ee2de9919f4527	Eukaryota	Ascomycota	Geoglossomycetes	Geoglossales	Geoglossaceae	Geoglossum	Geoglossum dunense
1afdf7fcfa442af39304a6a544796615	Eukaryota	Basidiomycota	Microbotryomycetes	Sporidiobolales	Sporidiobolaceae	Rhodosporidiobolus	Rhodosporidiobolus nylandii
1b4b3eb4c742dd35de32cb62cf702f3a	Eukaryota	Mucoromycota	Glomeromycetes	Archaeosporales	Archaeosporaceae	Archaeospora	Archaeospora ecuadoriana
1b4eb0364b453c5344aed5d75ed879c1	Eukaryota	Ascomycota	Dothideomycetes	Tubeufiales	Tubeufiaceae	Zaanenomyces	Zaanenomyces moderatricis-academiae
1b7a960eb066109b344a291c6bbc3da2	Eukaryota	Ascomycota	Sordariomycetes	Coniochaetales	Coniochaetaceae	Coniochaeta	Coniochaeta cateniformis
1ba099cb23b110086a61545283f8c913	Eukaryota	Chytridiomycota	Chytridiomycetes	Spizellomycetales	Spizellomycetaceae	Spizellomyces	Spizellomyces acuminatus
1bda055d178a44c270c1e3f1b66b12db	Eukaryota	Basidiomycota	Agaricomycetes	Auriculariales	Exidiaceae	Adustochaete	Adustochaete interrupta
1c7467f720c07e7ea203a3eb7fc2b4e5	Eukaryota	Ascomycota	Dothideomycetes	Pleosporales	Pleosporaceae	Alternaria	Alternaria arborescens
1c77f6951849c1157cd088b813f59874	Eukaryota	Ascomycota	Dothideomycetes	NA	NA	Leptospora	Leptospora macarangae
1ca856ec9a91176dfb0d654b67533d8f	Eukaryota	Ascomycota	Dothideomycetes	Pleosporales	Melanommataceae	Camposporium	Camposporium septatum
1d51e1939ac2692235db42cfd9a3b7e4	Eukaryota	Basidiomycota	Cystobasidiomycetes	Erythrobasidiales	NA	Hasegawazyma	Hasegawazyma lactosa
1d6719e98e45e1bfaaa6356e2b57d10a	Eukaryota	Ascomycota	Orbiliomycetes	Orbiliales	Orbiliaceae	Orbilia	Orbilia liliputiana
1d903a08b3994ecfc786d3624ffa805a	Eukaryota	Mucoromycota	Mortierellomycetes	Mortierellales	Mortierellaceae	Mortierella	Mortierella globalpina
1e0f505789d89defc883837db99a42df	Eukaryota	Ascomycota	Dothideomycetes	NA	Gloniaceae	Pseudocenococcum	Pseudocenococcum floridanum
1e1a1beff1aba870102b7743d9d5ba0d	Eukaryota	Basidiomycota	Agaricomycetes	Agaricales	Entolomataceae	Entoloma	Entoloma pruinosum
1ef9f2b30fa6a90ee3314250324c96eb	Eukaryota	Ascomycota	Lecanoromycetes	Ostropales	Odontotremataceae	Parakarstenia	Parakarstenia phyllostachydis
1f481535a0f6bc49781efc82f0e0e216	Eukaryota	Basidiomycota	Microbotryomycetes	Sporidiobolales	Sporidiobolaceae	Rhodosporidiobolus	Rhodosporidiobolus nylandii
1fe8efb23e1e6e0ab54ba796b9e678a7	Eukaryota	Basidiomycota	Agaricomycetes	Agaricales	Stephanosporaceae	Stephanospora	Stephanospora kanuka
1ff4ca51dd3598e197a9800149a7f2e5	Eukaryota	Ascomycota	Pezizomycetes	Pezizales	Pyronemataceae	Otidea	Otidea stipitata
1ff5df7bec9e2a3c9999a4e65f8dcc76	Eukaryota	Ascomycota	Eurotiomycetes	Chaetothyriales	Herpotrichiellaceae	Exophiala	Exophiala bonariae
20152bd91d3a3c2fed2e97c43e7d1949	Eukaryota	Ascomycota	Arthoniomycetes	Lichenostigmatales	Phaeococcomycetaceae	Antarctolichenia	Antarctolichenia onofrii
20305932670d9f543565cf08820e5022	Eukaryota	Chytridiomycota	Chytridiomycetes	Rhizophydiales	Alphamycetaceae	Alphamyces	Alphamyces chaetifer
206e264d6a4ca9e1466b89462f548bf5	Eukaryota	Basidiomycota	Agaricostilbomycetes	Agaricostilbales	Chionosphaeraceae	Kurtzmanomyces	Kurtzmanomyces tardus
207ad4640f59792abd931ca83d0dbc76	Eukaryota	Ascomycota	Orbiliomycetes	Orbiliales	Orbiliaceae	Orbilia	Orbilia xinjiangensis
20a13b3cb1ec076180672eecc2b7d0d2	Eukaryota	Basidiomycota	Tremellomycetes	Tremellales	Tremellaceae	Tremella	Tremella griseola
20b8d7f5b7e04e00365d1fda4ab36314	Eukaryota	NA	Glaucocystophyceae	Glaucocystales	Glaucocystaceae	Glaucocystis	Glaucocystis nostochinearum
20f0143352928df5584bfb3af8275807	Eukaryota	Ascomycota	Dothideomycetes	Pleosporales	Latoruaceae	Polyschema	Polyschema sclerotigenum
217410db84874d6592017b0ceb1b8838	Eukaryota	Mucoromycota	Glomeromycetes	Glomerales	Glomeraceae	Funneliformis	Funneliformis mosseae
21ad7bfc8b86bd7c9d9be5da2f911866	Eukaryota	Basidiomycota	Agaricomycetes	Agaricales	Lycoperdaceae	Calvatia	Calvatia brasiliensis
21bebb989baa6774074d1cc42a240a4e	Eukaryota	Ascomycota	Dothideomycetes	Pleosporales	Didymellaceae	Ascochyta	Ascochyta pisi
22ac420b78b598d03cd0071e94eb79a2	Eukaryota	Basidiomycota	Microbotryomycetes	Sporidiobolales	Sporidiobolaceae	Rhodosporidiobolus	Rhodosporidiobolus poonsookiae
22ad4f45a727c405c069ca1fa59dca09	Eukaryota	Chytridiomycota	Monoblepharidomycetes	Monoblepharidales	NA	Hyaloraphidium	Hyaloraphidium curvatum
2307606ce8e53eb2f8757c4c7f8712a8	Eukaryota	Mucoromycota	Mortierellomycetes	Mortierellales	Mortierellaceae	Entomortierella	Entomortierella sugadairana
23966b0bec294e8a3799c05ef48def6c	Eukaryota	Mucoromycota	Mucoromycetes	Mucorales	Lichtheimiaceae	Dichotomocladium	Dichotomocladium hesseltinei
23cacc32333c2e97135e3d8e28ca5a25	Eukaryota	Mucoromycota	Umbelopsidomycetes	Umbelopsidales	Umbelopsidaceae	Umbelopsis	Umbelopsis dimorpha
23d2f81f251524866621eb97c39a68a2	Eukaryota	Ascomycota	Dothideomycetes	NA	NA	Soloacrosporiella	Soloacrosporiella acaciae
2456517240ab4ec483bf669267301bbe	Eukaryota	Ascomycota	Dothideomycetes	Pleosporales	Sporormiaceae	Preussia	Preussia flanaganii
248cac4c39dcf23a6be6dbf4dca00159	Eukaryota	Basidiomycota	Agaricomycetes	Cantharellales	Ceratobasidiaceae	Ceratobasidium	Ceratobasidium ramicola
2612030805db68d3f446e101f35e4b1f	Eukaryota	Olpidiomycota	Olpidiomycetes	Olpidiales	Olpidiaceae	Olpidium	Olpidium brassicae
26bce610cd944bff595c1d98ba4197cb	Eukaryota	Ascomycota	Dothideomycetes	Pleosporales	Didymellaceae	Boeremia	Boeremia noackiana
26c5a510e6d1331cbcdf231e93952f9c	Eukaryota	Ascomycota	Eurotiomycetes	Chaetothyriales	Herpotrichiellaceae	Phialophora	Phialophora macrospora
26f379a48dd1d6896e3da89a31f91b1b	Eukaryota	Mucoromycota	Mortierellomycetes	Mortierellales	Mortierellaceae	Linnemannia	Linnemannia amoeboidea
2738c36f507c2c15383b3f661d0cb32a	Eukaryota	Mucoromycota	Glomeromycetes	Glomerales	Glomeraceae	Rhizophagus	Rhizophagus prolifer
274127de7b5a1e2b41e622cbec62d8ff	Eukaryota	Ascomycota	Dothideomycetes	NA	Zopfiaceae	Zopfia	Zopfia rosatii
2797d83086de320a2c05292c72c16571	Eukaryota	Basidiomycota	Microbotryomycetes	NA	Chrysozymaceae	Chrysozyma	Chrysozyma flava
28139455e0b4fe459f9cdf92338129c3	Eukaryota	Ascomycota	Lecanoromycetes	Trapeliales	Trapeliaceae	Placopsis	Placopsis perrugosa
286e86eaa6578b4d8b7c6ae13bc79b95	Eukaryota	Mucoromycota	Umbelopsidomycetes	Umbelopsidales	Umbelopsidaceae	Umbelopsis	Umbelopsis autotrophica
28c0d12e14a0c8bf1dc435b3a9d56536	Eukaryota	Basidiomycota	Exobasidiomycetes	Golubeviales	Golubeviaceae	Golubevia	Golubevia pallescens
28c36963f90b3232867534048b2f6686	Eukaryota	Basidiomycota	Agaricomycetes	Agaricales	Hygrophoraceae	Hygrophorus	Hygrophorus adiaphorus
28f2c6f0624c685c15ec1014c3b3fd13	Eukaryota	Basidiomycota	Agaricomycetes	Agaricales	Strophariaceae	Galerina	Galerina venenata
29b2310387f4d7f672d3ddad64cb7ec1	Eukaryota	Ascomycota	Pezizomycetes	Pezizales	Tuberaceae	Tuber	Tuber zambonelliae
2a081b4893551587e14fbc37efd35bb1	Eukaryota	Ascomycota	Leotiomycetes	Helotiales	Rutstroemiaceae	Neometulocladosporiella	Neometulocladosporiella eucalypti
2a09d60235e6d5ce32879e5c03697a67	Eukaryota	Streptophyta	Magnoliopsida	Apiales	Apiaceae	Daucus	Daucus pusillus
2aebfb366f2f09cef9d4074515720663	Eukaryota	Ascomycota	Sordariomycetes	Coronophorales	Ceratostomataceae	Dactylidispora	Dactylidispora singaporensis
2bc0c63f066f2e02ab50f9a45cd00509	Eukaryota	Mucoromycota	Glomeromycetes	Diversisporales	Acaulosporaceae	Acaulospora	Acaulospora cavernata
2bfd250faec22ba9a05332e681f12ef6	Eukaryota	Ascomycota	Dothideomycetes	Dothideales	Dothioraceae	Dothiora	Dothiora viticola
2c6b5a7da089268824b9b027b805a406	Eukaryota	Ascomycota	Eurotiomycetes	Eurotiales	Trichocomaceae	Talaromyces	Talaromyces amestolkiae
2d5c75ea8afa3cec8aacabb6c1156fd2	Eukaryota	Ascomycota	Eurotiomycetes	Chaetothyriales	NA	Neophaeococcomyces	Neophaeococcomyces aloes
2dcf0f3f196174fdb095d061323b6ede	Eukaryota	Ascomycota	Pezizomycetes	Pezizales	NA	Coprotus	Coprotus epithecioides
2e05386f3739815eb54367981c971859	Eukaryota	Mucoromycota	Glomeromycetes	Glomerales	Glomeraceae	Rhizophagus	Rhizophagus prolifer
2e2d82131b0c3862e8f870f9e6257390	Eukaryota	Mucoromycota	Mortierellomycetes	Mortierellales	Mortierellaceae	Mortierella	Mortierella turficola
2ea980b552922a1f308c7055cd96708e	Eukaryota	Chytridiomycota	Chytridiomycetes	Rhizophydiales	Alphamycetaceae	Alphamyces	Alphamyces chaetifer
2ebcea6675f350c617f8abde5f72688b	Eukaryota	Cnidaria	Hydrozoa	Anthoathecata	Pandeidae	Neoturris	Neoturris breviconis
2f1300346d76d281a1e08849610c6838	Eukaryota	Ascomycota	Dothideomycetes	NA	NA	Pseudoarthrographis	Pseudoarthrographis phlogis
2f726f987399f808276228e17179f63e	Eukaryota	Chytridiomycota	Chytridiomycetes	Spizellomycetales	Spizellomycetaceae	Spizellomyces	Spizellomyces acuminatus
2fa47c0fb6f1c792d3668f4ef066ee32	Eukaryota	Ascomycota	Dothideomycetes	Pleosporales	Leptosphaeriaceae	Leptosphaeria	Leptosphaeria doliolum
2fec5329f5420789e9fe9fa05a0d6d66	Eukaryota	Ascomycota	Eurotiomycetes	Chaetothyriales	Herpotrichiellaceae	Sorocybe	Sorocybe oblongispora
308e58ba71809279a68eec5dc1d7a193	Eukaryota	Ascomycota	Dothideomycetes	Pleosporales	NA	Parastenospora	Parastenospora pini
30e63edc6146c61c215109b626d5b854	Eukaryota	Chytridiomycota	Chytridiomycetes	Rhizophydiales	Terramycetaceae	Boothiomyces	Boothiomyces macroporosus
3198fcdaebf3221a688a0079105c312a	Eukaryota	Basidiomycota	Tremellomycetes	Filobasidiales	Filobasidiaceae	Heterocephalacria	Heterocephalacria gelida
319b9c574075b37d521e73a201ef0818	Eukaryota	Ascomycota	Dothideomycetes	Botryosphaeriales	Melanopsaceae	Melanops	Melanops tulasnei
3224cec32409b442dc120da4b9b4dbb9	Eukaryota	Ascomycota	Leotiomycetes	Phacidiales	NA	Collophorina	Collophorina rubra
333c76c39df47097b84c95d943322c88	Eukaryota	Zoopagomycota	Harpellomycetes	Harpellales	Legeriomycetaceae	Zancudomyces	Zancudomyces culisetae
339de6a21103ac63d47a2ca091175c46	Eukaryota	Ascomycota	Dothideomycetes	Phaeotrichales	Phaeotrichaceae	Phaeotrichum	Phaeotrichum benjaminii
33ceb9a3b2d0c0ebe4c064ede58ad5d7	Eukaryota	Basidiomycota	Tremellomycetes	Tremellales	Bulleraceae	Genolevuria	Genolevuria armeniaca
3416dbdc1bfd92ee8e0ca660bf597819	Eukaryota	Ascomycota	NA	NA	NA	Pseudopenidiella	Pseudopenidiella piceae
3429b9e50458864ab886dd9337a9e461	Eukaryota	Ascomycota	Pezizomycetes	Pezizales	Pyronemataceae	Otidea	Otidea papillata
34776d76ac37f2a4bc4d8bfd763ff6a3	Eukaryota	Ascomycota	Dothideomycetes	Pleosporales	Didymellaceae	Didymella	Didymella cari
34ee360bb4f6d36b4b63782a7c5b164e	Eukaryota	Ascomycota	Eurotiomycetes	Chaetothyriales	Herpotrichiellaceae	Sorocybe	Sorocybe oblongispora
361d4ffc9769267997dd53facdbd08f6	Eukaryota	Chytridiomycota	Chytridiomycetes	Rhizophlyctidales	Arizonaphlyctidaceae	Arizonaphlyctis	Arizonaphlyctis lemmonensis
363117787fe14344b2b0c853da079c4c	Eukaryota	Chytridiomycota	Chytridiomycetes	Rhizophydiales	Alphamycetaceae	Alphamyces	Alphamyces chaetifer
3641f11952d00e34cdc9539719eaaa28	Eukaryota	Ascomycota	Pezizomycetes	Pezizales	Pyronemataceae	Humaria	Humaria cazaresii
365d3ce6656c120823162b4ae2414f7f	Eukaryota	Chytridiomycota	Chytridiomycetes	Spizellomycetales	Spizellomycetaceae	Spizellomyces	Spizellomyces acuminatus
36dab8d063771db8cedbf681f9a1be33	Eukaryota	Ascomycota	Dothideomycetes	Pleosporales	Pleosporaceae	Pyrenophora	Pyrenophora nisikadoi
372a74cb936999ac8d008b65e480cec1	Eukaryota	Ascomycota	Orbiliomycetes	Orbiliales	Orbiliaceae	Dactylellina	Dactylellina appendiculata
37507a57f4fe0d901f01655714f95f2b	Eukaryota	Ascomycota	Leotiomycetes	Phacidiales	NA	Collophorina	Collophorina rubra
37bb271f6cf8cce95a6dccb0ed368947	Eukaryota	Ascomycota	Dothideomycetes	Pleosporales	Phaeosphaeriaceae	Neostagonospora	Neostagonospora sorghi
37c0e4b57b03cf74e2d71180e4a01366	Eukaryota	Ascomycota	Dothideomycetes	Pleosporales	Pleosporaceae	Pleospora	Pleospora iqbalii
3804eae29ede646b7b79ea6eabcb648b	Eukaryota	Ascomycota	Eurotiomycetes	Chaetothyriales	Herpotrichiellaceae	Cladophialophora	Cladophialophora nyingchiensis
3956a56ffc27f31e93b6a973eb6c5dd2	Eukaryota	Basidiomycota	Agaricomycetes	Agaricales	Entolomataceae	Clitopilus	Clitopilus baronii
395ac9ba9a55b29157d4f2d32d53fedd	Eukaryota	Ascomycota	Orbiliomycetes	Orbiliales	Orbiliaceae	Hyalorbilia	Hyalorbilia oviparasitica
39a5cdd0508f00940d047b2a8a200f6c	Eukaryota	Ascomycota	Dothideomycetes	Microthyriales	Microthyriaceae	Nothoanungitopsis	Nothoanungitopsis urophyllae
3a96e0bdb50efe8a820adf5d9e0cc772	Eukaryota	Basidiomycota	Agaricomycetes	Cantharellales	Ceratobasidiaceae	Ceratobasidium	Ceratobasidium ramicola
3b614230559efd747102babfd8029ff7	Eukaryota	Ascomycota	Eurotiomycetes	Chaetothyriales	Herpotrichiellaceae	Cladophialophora	Cladophialophora nyingchiensis
3b69af2ce62a5ff41218bdea3d969c8b	Eukaryota	Zoopagomycota	Harpellomycetes	Harpellales	Legeriomycetaceae	Zancudomyces	Zancudomyces culisetae
3bbf550fb99d3d9c8dd6bb87f16d41cd	Eukaryota	Ascomycota	Dothideomycetes	Pleosporales	NA	Eriomyces	Eriomyces heveae
3bf018648dbf54f374dbe8b1303627bc	Eukaryota	Basidiomycota	Agaricomycetes	Agaricales	Entolomataceae	Entoloma	Entoloma vindobonense
3c1113d7311ff6eb4df62b83bde99885	Eukaryota	Basidiomycota	Agaricomycetes	Agaricales	Hygrophoraceae	Hygrophorus	Hygrophorus annulatus
3c2c43931c9c3f89c35eb36c16ae2489	Eukaryota	Ascomycota	NA	NA	NA	Pseudopenidiella	Pseudopenidiella piceae
3caf657afc11ecc0a157c33514b88b61	Eukaryota	Basidiomycota	Agaricomycetes	Agaricales	Clavariaceae	Clavaria	Clavaria pisana
3d17983c414da1b8dd6c5f5218548269	Eukaryota	Ascomycota	Dothideomycetes	Pleosporales	Pseudopyrenochaetaceae	Pseudopyrenochaeta	Pseudopyrenochaeta terrestris
3d80e29e89714a3ebd1b307335fc5c16	Eukaryota	Ascomycota	Orbiliomycetes	Orbiliales	Orbiliaceae	Hyalorbilia	Hyalorbilia leguminacea
3d84a6dd0c4714b480a3957345e78e53	Eukaryota	Ascomycota	Eurotiomycetes	Chaetothyriales	Herpotrichiellaceae	Cladophialophora	Cladophialophora tengchongensis
3d9e5979e8887fbe0c72de9a686b2818	Eukaryota	Basidiomycota	Agaricostilbomycetes	Agaricostilbales	Chionosphaeraceae	Kurtzmanomyces	Kurtzmanomyces tardus
3da9d71ae7ec552135c83084011d3e9b	Eukaryota	Olpidiomycota	Olpidiomycetes	Olpidiales	Olpidiaceae	Olpidium	Olpidium brassicae
3db1936be065dbd4688c20d481e3cbc4	Eukaryota	Mucoromycota	Glomeromycetes	Glomerales	Glomeraceae	Rhizophagus	Rhizophagus irregularis
3dc13037e5b451c3d19f6344d3ee36b3	Eukaryota	Basidiomycota	Tremellomycetes	Tremellales	Bulleraceae	Genolevuria	Genolevuria armeniaca
3e47577ba65c9b711774d4b12d14d277	Eukaryota	Mucoromycota	Umbelopsidomycetes	Umbelopsidales	Umbelopsidaceae	Umbelopsis	Umbelopsis dimorpha
3e7f771b000fddff822857b745c549c7	Eukaryota	Mucoromycota	Mortierellomycetes	Mortierellales	Mortierellaceae	Necromortierella	Necromortierella dichotoma
3ed79ed8bc8409551b2f740fbec30b1c	Eukaryota	Ascomycota	Eurotiomycetes	Chaetothyriales	Chaetothyriaceae	Nullicamyces	Nullicamyces eucalypti
3eeca4019ca63232c5370f74f33e8c4a	Eukaryota	Ascomycota	Dothideomycetes	Phaeotrichales	Phaeotrichaceae	Phaeotrichum	Phaeotrichum benjaminii
3ef64ed7f3bbe598eaeff27844f93798	Eukaryota	Ascomycota	Dothideomycetes	Dothideales	Dothioraceae	Dothiora	Dothiora viticola
3f8d59e989a00898bf599ae02ef8d3e4	Eukaryota	Ascomycota	Dothideomycetes	Tubeufiales	Tubeufiaceae	Zaanenomyces	Zaanenomyces moderatricis-academiae
3fa6b8d6286f9fad2022a4bbf4c1b29b	Eukaryota	Ascomycota	Geoglossomycetes	Geoglossales	Geoglossaceae	Geoglossum	Geoglossum geesterani
3fcf1703d66207bbba2ea463dc2977c3	Eukaryota	Ascomycota	Geoglossomycetes	Geoglossales	Geoglossaceae	Glutinoglossum	Glutinoglossum heptaseptatum
3fd471b18f46a41cbee264c6e41daea9	Eukaryota	Ascomycota	Sordariomycetes	Myrmecridiales	Myrmecridiaceae	Neomyrmecridium	Neomyrmecridium guizhouense
4001cfad21c1427fa5207ae549606643	Eukaryota	Basidiomycota	Agaricomycetes	Thelephorales	Thelephoraceae	Tomentella	Tomentella lammiensis
406676cac7f384c6c6706797b650a73a	Eukaryota	Basidiomycota	Agaricomycetes	Polyporales	Postiaceae	Postia	Postia crassicontexta
40dd933b8a584ff6430619221e5199a7	Eukaryota	Basidiomycota	Agaricomycetes	Agaricales	Psathyrellaceae	Psathyrella	Psathyrella merdicola
41984217cb70039bb68ec1654c59ac4e	Eukaryota	Mucoromycota	Mortierellomycetes	Mortierellales	Mortierellaceae	Entomortierella	Entomortierella sugadairana
41ba84ba4a710d0285d02f950b975d90	Eukaryota	Basidiomycota	Tremellomycetes	Trichosporonales	Tetragoniomycetaceae	Cryptotrichosporon	Cryptotrichosporon brontae
4216dc83083a3c6179e3215d9112dc8f	Eukaryota	Ascomycota	Leotiomycetes	Rhytismatales	Rhytismataceae	Hypoderma	Hypoderma cordylines
42bdb6d10ad7f2ec96b2410d63a345f6	Eukaryota	Ascomycota	Dothideomycetes	Mytilinidiales	Mytilinidiaceae	Pseudocamaropycnis	Pseudocamaropycnis pini
432064d654623363b42a54ade452e170	Eukaryota	Ascomycota	Lecanoromycetes	Lecideales	Lecideaceae	Lecidea	Lecidea polypycnidophora
43ee5387f31d93918f0eaffbc39ac4ef	Eukaryota	Ascomycota	Eurotiomycetes	Coryneliales	Coryneliaceae	Hypsotheca	Hypsotheca eucalyptorum
447573fb74596ed1a2a0f9974dfff286	Eukaryota	Ascomycota	Geoglossomycetes	Geoglossales	Geoglossaceae	Glutinoglossum	Glutinoglossum heptaseptatum
4488e46a94b3d7281576c02cfe91dc56	Eukaryota	Chytridiomycota	Chytridiomycetes	Rhizophlyctidales	Arizonaphlyctidaceae	Arizonaphlyctis	Arizonaphlyctis lemmonensis
448925ea6107510bc93b8df57691d631	Eukaryota	Ascomycota	Dothideomycetes	Pleosporales	Didymellaceae	Epicoccum	Epicoccum italicum
44a6bd72bdd5550303c080027a168213	Eukaryota	Ascomycota	Dothideomycetes	NA	NA	Soloacrosporiella	Soloacrosporiella acaciae
44b14b6a6099ad30ba62af58260c128f	Eukaryota	Ascomycota	Sordariomycetes	Coniochaetales	Coniochaetaceae	Coniochaeta	Coniochaeta cateniformis
44b29d47d8491b524eed9341520dfd08	Eukaryota	Basidiomycota	Agaricomycetes	Thelephorales	Thelephoraceae	Tomentella	Tomentella pulvinulata
44e004dd766c738fd6ffe92a841bd7c5	Eukaryota	Basidiomycota	Agaricomycetes	Boletales	Sclerodermataceae	Scleroderma	Scleroderma dunensis
453c6af0bd3853c0a2e89fffb63cf07f	Eukaryota	Ascomycota	Leotiomycetes	Phacidiales	NA	Collophorina	Collophorina rubra
4581c3bc8b7cabc506576e7714d2de43	Eukaryota	Ascomycota	Eurotiomycetes	Chaetothyriales	Herpotrichiellaceae	Sorocybe	Sorocybe oblongispora
45bbd9844affdcb83dd69bfd818b0898	Eukaryota	Basidiomycota	Agaricomycetes	Sebacinales	NA	Chaetospermum	Chaetospermum chaetosporum
464e65d5188dea90dcc75991deb97cf0	Eukaryota	Basidiomycota	Microbotryomycetes	Sporidiobolales	Sporidiobolaceae	Rhodosporidiobolus	Rhodosporidiobolus ruineniae
46657253bed2aca16cf028aa3dca5dd2	Eukaryota	Ascomycota	Dothideomycetes	Mycosphaerellales	Teratosphaeriaceae	Constantinomyces	Constantinomyces patonensis
4674312995540b9d0160a976996e25b0	Eukaryota	Chytridiomycota	Monoblepharidomycetes	Monoblepharidales	NA	Hyaloraphidium	Hyaloraphidium curvatum
46cfea8c3be88c212a0ac47bcd15355c	Eukaryota	Ascomycota	Dothideomycetes	Myriangiales	NA	Endosporium	Endosporium populi-tremuloides
46dd05a858134d25066c9e2070b8de6f	Eukaryota	Mucoromycota	Mortierellomycetes	Mortierellales	Mortierellaceae	Mortierella	Mortierella rishikesha
470fe61404b02503cb428dfd5a7e4161	Eukaryota	Ascomycota	Eurotiomycetes	Onygenales	Arthrodermataceae	Nannizzia	Nannizzia aenigmatica
4727713431df3fad1a96e01b296a4cb7	Eukaryota	Chytridiomycota	Chytridiomycetes	Rhizophydiales	NA	Coralloidiomyces	Coralloidiomyces digitatus
477374a65bff1db369fd8da70a5080d3	Eukaryota	Ascomycota	Laboulbeniomycetes	Pyxidiophorales	Pyxidiophoraceae	Pleurocatena	Pleurocatena brevior
4776254c4fb75fc5592d99f18d1563ed	Eukaryota	Ascomycota	Leotiomycetes	Helotiales	Rutstroemiaceae	Clarireedia	Clarireedia paspali
479bebaa0277f9980a4543fd2f5c3f49	Eukaryota	Ascomycota	Orbiliomycetes	Orbiliales	Orbiliaceae	Orbilia	Orbilia epipora
47ab758e5e223865ae5d0d6779207389	Eukaryota	Ascomycota	Dothideomycetes	NA	NA	Pseudoarthrographis	Pseudoarthrographis phlogis
49104ce49972081866e7189c90297b52	Eukaryota	Chytridiomycota	Chytridiomycetes	Rhizophydiales	Kappamycetaceae	Kappamyces	Kappamyces laurelensis
499ee15433aa93c500d3fc94d7b2a0cb	Eukaryota	Basidiomycota	Agaricomycetes	Agaricales	Hygrophoraceae	Hygrophorus	Hygrophorus annulatus
49a41d65dbdacb548c70773687f6040f	Eukaryota	NA	Eustigmatophyceae	NA	NA	NA	Eustigmatophyceae sp. UTEX2631
4a5c9ae6950ccbc7e52dac8d62771792	Eukaryota	Mucoromycota	Glomeromycetes	Glomerales	Glomeraceae	Rhizophagus	Rhizophagus prolifer
4a8f8c025dd9d3bf800b59e763ddb6cb	Eukaryota	Chytridiomycota	Chytridiomycetes	Rhizophlyctidales	Borealophlyctidaceae	Borealophlyctis	Borealophlyctis paxensis
4b0467ba6b59a9744edb8f9aaa153a84	Eukaryota	Ascomycota	Lecanoromycetes	Teloschistales	Teloschistaceae	Dufourea	Dufourea angustata
4b315bdef7991831018818cfe851e46e	Eukaryota	Mucoromycota	Glomeromycetes	Glomerales	Glomeraceae	Rhizophagus	Rhizophagus prolifer
4b950364ad93de829600b91daf2a1734	Eukaryota	Ascomycota	Dothideomycetes	Pleosporales	Melanommataceae	Camposporium	Camposporium septatum
4bab9e01f171c785d2f1cf4cf89f3f40	Eukaryota	Chytridiomycota	Chytridiomycetes	Spizellomycetales	Spizellomycetaceae	Spizellomyces	Spizellomyces acuminatus
4bb6fd11221985b3efb351571d9c2a1f	Eukaryota	Ascomycota	Leotiomycetes	Helotiales	Helotiaceae	Glarea	Glarea lozoyensis
4bc05e023a40003312e94b9000bf6009	Eukaryota	Basidiomycota	Microbotryomycetes	Sporidiobolales	Sporidiobolaceae	Rhodosporidiobolus	Rhodosporidiobolus poonsookiae
4c43917353a4643181bd26a833843df0	Eukaryota	Mucoromycota	Glomeromycetes	Diversisporales	Acaulosporaceae	Acaulospora	Acaulospora cavernata
4c86704c404420450f3cd51562b760f7	Eukaryota	Ascomycota	Eurotiomycetes	Chaetothyriales	Herpotrichiellaceae	Sorocybe	Sorocybe oblongispora
4cce609153b320eee5d8c7a3b6dc07f8	Eukaryota	Basidiomycota	Geminibasidiomycetes	Geminibasidiales	Geminibasidiaceae	Geminibasidium	Geminibasidium donsium
4d26f5ee1970a51eea13d365fe3be3ef	Eukaryota	Basidiomycota	Exobasidiomycetes	Tilletiales	Tilletiaceae	Tilletia	Tilletia puccinelliae
4d584299ac584a75d678e062c737d2ae	Eukaryota	NA	Aphelidea	NA	NA	Amoeboaphelidium	Amoeboaphelidium occidentale
4d5ff2c00b61dd94f68d715fc5657957	Eukaryota	Chytridiomycota	Chytridiomycetes	Spizellomycetales	Spizellomycetaceae	Spizellomyces	Spizellomyces acuminatus
4d73deb92dc24c59723a87884946e57c	Eukaryota	Ascomycota	Eurotiomycetes	Chaetothyriales	NA	Neophaeococcomyces	Neophaeococcomyces aloes
4defc41f77e93c1434c5926ffb73ce40	Eukaryota	Ascomycota	Orbiliomycetes	Orbiliales	Orbiliaceae	Arthrobotrys	Arthrobotrys reticulatus
4e0e0382ee175c15b9f259414c04051c	Eukaryota	Ascomycota	Orbiliomycetes	Orbiliales	Orbiliaceae	Orbilia	Orbilia subvitalbae
4e10fb1074b8760e504d650f7a4ef8ee	Eukaryota	Mucoromycota	Glomeromycetes	Glomerales	Glomeraceae	Rhizophagus	Rhizophagus prolifer
4e8ee558ceceaac4bdb33241eeb1b722	Eukaryota	Mucoromycota	Glomeromycetes	Glomerales	Glomeraceae	Rhizophagus	Rhizophagus prolifer
4ead6db8ebd124fc2be34e6f17a89425	Eukaryota	Ascomycota	Dothideomycetes	Pleosporales	Pseudopyrenochaetaceae	Pseudopyrenochaeta	Pseudopyrenochaeta terrestris
4f1568a83fb540d70e801cce1b40ca03	Eukaryota	Ascomycota	Dothideomycetes	Pleosporales	Pleosporaceae	Pyrenophora	Pyrenophora novozelandica
5026cbe5ca9a8cf531163540914e1055	Eukaryota	Ascomycota	Dothideomycetes	Venturiales	Sympoventuriaceae	Scolecobasidium	Scolecobasidium podocarpi
5039e3f86011e542e1d4879851d7454f	Eukaryota	Ascomycota	Dothideomycetes	Pleosporales	Didymellaceae	Neoascochyta	Neoascochyta triticicola
508d87ec9815953cb19baa5d06481de7	Eukaryota	Ascomycota	Dothideomycetes	Pleosporales	Sporormiaceae	Preussia	Preussia procaviae
5100817742975d3dd3ebe3f9aad6ec09	Eukaryota	Ascomycota	Eurotiomycetes	Chaetothyriales	Herpotrichiellaceae	Exophiala	Exophiala bonariae
51088f964639748ea047141fc85e4e9b	Eukaryota	Mucoromycota	Umbelopsidomycetes	Umbelopsidales	Umbelopsidaceae	Umbelopsis	Umbelopsis dimorpha
511be400731973e8428a37c633116926	Eukaryota	Ascomycota	Eurotiomycetes	Chaetothyriales	Herpotrichiellaceae	Sorocybe	Sorocybe oblongispora
51a3429b1cb1a12e975d92a3e9263d5d	Eukaryota	Mucoromycota	Glomeromycetes	Paraglomerales	Paraglomeraceae	Paraglomus	Paraglomus occultum
51a9f291bb0ee1cdb3f967a6de657611	Eukaryota	Ascomycota	Dothideomycetes	Mycosphaerellales	Mycosphaerellaceae	Cercospora	Cercospora coniogrammes
52acc77ebd6b8b876e41e1db1a2ed8b1	Eukaryota	Basidiomycota	Agaricomycetes	Boletales	Boletaceae	Strobilomyces	Strobilomyces microreticulatus
52b216430490e634552976d5bacf333e	Eukaryota	Zoopagomycota	Zoopagomycetes	Zoopagales	Piptocephalidaceae	Piptocephalis	Piptocephalis moniliformis
53abf45703ea3b4fa939932cda035da7	Eukaryota	Basidiomycota	Cystobasidiomycetes	NA	NA	Buckleyzyma	Buckleyzyma kluyveri-nielii
54828eb40ccd9184998d6b6344e55b0c	Eukaryota	Ascomycota	Sordariomycetes	Diaporthales	Schizoparmaceae	Coniella	Coniella fragariae
54cb522957a54eb9972e99a7ac8216c5	Eukaryota	Chytridiomycota	Chytridiomycetes	Rhizophlyctidales	Borealophlyctidaceae	Borealophlyctis	Borealophlyctis paxensis
54fff99810a1069236838f4cbfd1eeb5	Eukaryota	Chytridiomycota	Chytridiomycetes	Rhizophydiales	Halomycetaceae	Paludomyces	Paludomyces mangrovei
55c6dc17d732634a9e8b668d350933bf	Eukaryota	Basidiomycota	Cystobasidiomycetes	Cystobasidiales	Cystobasidiaceae	Cystobasidium	Cystobasidium raffinophilum
567b06449df31427426ae9d81cfa8710	Eukaryota	Ascomycota	Eurotiomycetes	Eurotiales	Aspergillaceae	Penicillium	Penicillium canescens
5a361303cccc59ffe2444f6b226262bc	Eukaryota	Basidiomycota	Agaricostilbomycetes	Agaricostilbales	Kondoaceae	Kondoa	Kondoa cylindrica
5a3f17b35de9165afc0c83baa2e447b2	Eukaryota	Mucoromycota	Glomeromycetes	Diversisporales	Acaulosporaceae	Acaulospora	Acaulospora laevis
5a65ba3ea9c852633fb953b8dc6f498e	Eukaryota	Streptophyta	Magnoliopsida	Apiales	Apiaceae	Daucus	Daucus pusillus
5a675fa23192ef04cc2aee013b5f8d0f	Eukaryota	Ascomycota	Sordariomycetes	Hypocreales	Hypocreaceae	Trichoderma	Trichoderma cerinum
5a92953a8ef61829d245f89125bec86d	Eukaryota	Basidiomycota	Tremellomycetes	Tremellales	Cryptococcaceae	Teunia	Teunia helanensis
5ab80c6e7c53c88acfc0d2afd9b45333	Eukaryota	Ascomycota	Eurotiomycetes	Chaetothyriales	Herpotrichiellaceae	Sorocybe	Sorocybe oblongispora
5ae4caf54aa0d26a2285d578fa41ce62	Eukaryota	Mucoromycota	Glomeromycetes	Diversisporales	Acaulosporaceae	Acaulospora	Acaulospora entreriana
5b2d8b36a0f4d4e91fcdbb43cd690441	Eukaryota	Ascomycota	Dothideomycetes	NA	Podonectriaceae	Podonectria	Podonectria kuwanaspidis
5b7d266f2384900f6038b40804459d64	Eukaryota	Ascomycota	Eurotiomycetes	Chaetothyriales	Herpotrichiellaceae	Exophiala	Exophiala bonariae
5c19fb2e1bfadf5e4ec238e87ed5a3e9	Eukaryota	Mucoromycota	Glomeromycetes	Glomerales	Glomeraceae	Rhizophagus	Rhizophagus prolifer
5c70a0264867f234e4d8abe8bb45ed3a	Eukaryota	Ascomycota	Dothideomycetes	Pleosporales	NA	Antealophiotrema	Antealophiotrema brunneosporum
5cdd5bfbeb01e23b43771e4cfecfad25	Eukaryota	Basidiomycota	Agaricomycetes	Agaricales	Inocybaceae	Mallocybe	Mallocybe isabellina
5ce25394fcd6f7e81f621fb5f0d46c00	Eukaryota	Ascomycota	Leotiomycetes	Helotiales	Hyaloscyphaceae	Hyaloscypha	Hyaloscypha variabilis
5db51313d0c1dcf34c14d53ba91362b0	Eukaryota	Ascomycota	Sordariomycetes	Coniochaetales	Coniochaetaceae	Coniochaeta	Coniochaeta cateniformis
5de4fc7dc247945918aa2a7be8c27919	Eukaryota	Ascomycota	Dothideomycetes	Pleosporales	NA	Eriomyces	Eriomyces heveae
5e74ee208f8d585c043dd4b6189d12b7	Eukaryota	Ascomycota	Eurotiomycetes	Onygenales	Gymnoascaceae	Gymnoascus	Gymnoascus dugwayensis
5fee0dce4d631616bdaceb4ce84acc2e	Eukaryota	Mucoromycota	Glomeromycetes	Glomerales	Glomeraceae	Rhizophagus	Rhizophagus irregularis
605979d41176119aedd0f0ede917cc4f	Eukaryota	Basidiomycota	Microbotryomycetes	Sporidiobolales	Sporidiobolaceae	Rhodosporidiobolus	Rhodosporidiobolus fluvialis
60a1a53960293cc0e4b08a42648d0361	Eukaryota	Ascomycota	Dothideomycetes	Pleosporales	Anteagloniaceae	Anteaglonium	Anteaglonium gordoniae
6119e409f23c44a82400a646164c08c8	Eukaryota	Basidiomycota	Agaricomycetes	Sebacinales	NA	Chaetospermum	Chaetospermum chaetosporum
613c001c3d8f3fbfff0500b4bd8b97a5	Eukaryota	Basidiomycota	Agaricomycetes	Agaricales	Psathyrellaceae	Parasola	Parasola megasperma
62154740a0102d6ab6e6763870852248	Eukaryota	Mucoromycota	Mortierellomycetes	Mortierellales	Mortierellaceae	Modicella	Modicella albostipitata
62c1a058aedc6777469f4173e0fdb5b3	Eukaryota	Mucoromycota	Mucoromycetes	Mucorales	Mucoraceae	Mucor	Mucor atramentarius
6424644bd33b834a71f4a409ee489f79	Eukaryota	Basidiomycota	Agaricomycetes	Thelephorales	Thelephoraceae	Tomentella	Tomentella lammiensis
64a0662f2782dd36aa78f424b9b81c57	Eukaryota	Mucoromycota	Umbelopsidomycetes	Umbelopsidales	Umbelopsidaceae	Umbelopsis	Umbelopsis dimorpha
64e830768c6b2a024687f59362a97f73	Eukaryota	Ascomycota	Dothideomycetes	Pleosporales	Sporormiaceae	Preussia	Preussia flanaganii
655d53ecec86044cb77adbd068f5e304	Eukaryota	Ascomycota	Dothideomycetes	Microthyriales	NA	Neoscolecobasidium	Neoscolecobasidium agapanthi
6582cf55ead68c25b9b03a62872af656	Eukaryota	Zoopagomycota	Harpellomycetes	Harpellales	Legeriomycetaceae	Zancudomyces	Zancudomyces culisetae
6597bea252c0cbf5c09227b3612ee6c1	Eukaryota	Ascomycota	Eurotiomycetes	Sclerococcales	Dactylosporaceae	Sclerococcum	Sclerococcum tardum
6641e63f5c9e7da5b86103a334af1267	Eukaryota	Ascomycota	Dothideomycetes	Pleosporales	Didymellaceae	Nothophoma	Nothophoma macrospora
6659e3cb90addd95b4fd181ed82b794b	Eukaryota	Ascomycota	Orbiliomycetes	Orbiliales	Orbiliaceae	Dactylellina	Dactylellina appendiculata
6676d8b9d80fdd30d798073da7f10568	Eukaryota	Basidiomycota	Agaricomycetes	Amylocorticiales	Amylocorticiaceae	Podoserpula	Podoserpula pusio
66aafa3945cadf7014dab08e4b9c26be	Eukaryota	Ascomycota	Dothideomycetes	NA	Gloniaceae	Pseudocenococcum	Pseudocenococcum floridanum
66c57444b8bcd518aafc561cb3579346	Eukaryota	Mucoromycota	Glomeromycetes	Glomerales	Glomeraceae	Rhizophagus	Rhizophagus irregularis
671875cf18c3b343c6eeb99a1d479817	Eukaryota	Chytridiomycota	Chytridiomycetes	Spizellomycetales	Spizellomycetaceae	Spizellomyces	Spizellomyces acuminatus
67361f72751c4075f24fed420ae3297f	Eukaryota	Ascomycota	Dothideomycetes	Dothideales	Saccotheciaceae	Aureobasidium	Aureobasidium subglaciale
68673755c033acdd60cbe0837b8a4e99	Eukaryota	Ascomycota	Dothideomycetes	Mycosphaerellales	Teratosphaeriaceae	Constantinomyces	Constantinomyces nebulosus
68899553f29c14b81d6ec1e3957f593b	Eukaryota	Streptophyta	Bryopsida	Grimmiales	Seligeriaceae	Seligeria	Seligeria acutifolia
689a1f44dccf17b0a76021af0092eeae	Eukaryota	Mucoromycota	Umbelopsidomycetes	Umbelopsidales	Pygmaeomycetaceae	Pygmaeomyces	Pygmaeomyces thomasii
6996be5a7a99298651ad9d01e2f7f06a	Eukaryota	Ascomycota	Dothideomycetes	Pleosporales	Sporormiaceae	Preussia	Preussia procaviae
699a12009b01534774680f1de4303f73	Eukaryota	Chytridiomycota	Chytridiomycetes	Rhizophlyctidales	Borealophlyctidaceae	Borealophlyctis	Borealophlyctis paxensis
6a5e7ef9010e11da78b9b087ea7d2249	Eukaryota	Zoopagomycota	Zoopagomycetes	Zoopagales	Piptocephalidaceae	Piptocephalis	Piptocephalis moniliformis
6af79acd8efc40307210992a8ba865e1	Eukaryota	Ascomycota	Dothideomycetes	Microthyriales	NA	Pseudosoloacrosporiella	Pseudosoloacrosporiella cryptomeriae
6b0b4a68c2fed81ee63f322056e03cfd	Eukaryota	Ascomycota	Eurotiomycetes	Chaetothyriales	Herpotrichiellaceae	Sorocybe	Sorocybe oblongispora
6b7456646b2bdcbb936b823f1ca0dd26	Eukaryota	Mucoromycota	Glomeromycetes	Glomerales	Glomeraceae	Rhizophagus	Rhizophagus irregularis
6d1f04ffa901f9490ad643f8c3db2d07	Eukaryota	Ascomycota	Leotiomycetes	Helotiales	NA	Microglossum	Microglossum viride
6d6e1931a0a02ea1315f3d2418319507	Eukaryota	Zoopagomycota	Zoopagomycetes	Zoopagales	Piptocephalidaceae	Piptocephalis	Piptocephalis moniliformis
6d8edbee0c43a201e0568a161babeb93	Eukaryota	Mucoromycota	Mortierellomycetes	Mortierellales	Mortierellaceae	Entomortierella	Entomortierella sugadairana
6ddb2962e2281905438c633bc439d552	Eukaryota	Chytridiomycota	Chytridiomycetes	Spizellomycetales	Spizellomycetaceae	Spizellomyces	Spizellomyces acuminatus
6ea9f78051ddf09d9cbcc0b4743cb2a3	Eukaryota	Ascomycota	Sordariomycetes	Xylariales	Xylariaceae	Ascotricha	Ascotricha lusitanica
6f8e67800ee145a04d217a7abdacfa95	Eukaryota	Mucoromycota	Mortierellomycetes	Mortierellales	Mortierellaceae	Entomortierella	Entomortierella sugadairana
6fc08a55bd628573fcb474c6f0048e06	Eukaryota	Basidiomycota	Tremellomycetes	Holtermanniales	NA	Holtermanniella	Holtermanniella wattica
7024cc466596eab5ec5b50e838a2938c	Eukaryota	Ascomycota	Eurotiomycetes	Chaetothyriales	Herpotrichiellaceae	Cladophialophora	Cladophialophora nyingchiensis
70a8176ec19056bb2b5eae82ea7c2e69	Eukaryota	Ascomycota	Sordariomycetes	Sordariales	Schizotheciaceae	Echria	Echria gigantospora
70bb14a3dce827f76201b312e456470c	Eukaryota	Ascomycota	Eurotiomycetes	Chaetothyriales	Herpotrichiellaceae	Sorocybe	Sorocybe oblongispora
7101ba83e8404c628b93daa5c4e34783	Eukaryota	Basidiomycota	Agaricomycetes	Agaricales	Entolomataceae	Entoloma	Entoloma vindobonense
710b5807442458a3634dfc33d3dc11ba	Eukaryota	Ascomycota	Pezizomycetes	Pezizales	Pyronemataceae	Otidea	Otidea kunmingensis
725bebfb0be27b48854b46a560353808	Eukaryota	Zoopagomycota	Harpellomycetes	Harpellales	Legeriomycetaceae	Zancudomyces	Zancudomyces culisetae
7261b14be5a2785d01cf3381c45d411c	Eukaryota	Zoopagomycota	Basidiobolomycetes	Basidiobolales	Basidiobolaceae	Basidiobolus	Basidiobolus magnus
72824cd4e0c1d8a25f0a34c3784548c3	Eukaryota	Basidiomycota	Agaricomycetes	Amylocorticiales	Amylocorticiaceae	Podoserpula	Podoserpula pusio
72e6f1c7e4f738a351fc64c15bd068ea	Eukaryota	Ascomycota	Dothideomycetes	NA	Zopfiaceae	Zopfia	Zopfia rosatii
7314bc2aeeabcaaf701c5607f71b1d8a	Eukaryota	Ascomycota	Dothideomycetes	Pleosporales	Melanommataceae	Camposporium	Camposporium septatum
731bf24f84f2753c51a9042aa68640fe	Eukaryota	Basidiomycota	Tremellomycetes	Filobasidiales	Filobasidiaceae	Naganishia	Naganishia adeliensis
736e8399ae45bd006717abf986679879	Eukaryota	Ascomycota	NA	NA	NA	Pseudopenidiella	Pseudopenidiella piceae
73f150ba27d284961c392055b660b5ea	Eukaryota	Ascomycota	Orbiliomycetes	Orbiliales	Orbiliaceae	Retiarius	Retiarius revayae
73fd737c8f8d1e301e7378087b987a60	Eukaryota	Mucoromycota	Mortierellomycetes	Mortierellales	Mortierellaceae	Mortierella	Mortierella rishikesha
740b219d0a0363a5ba41b883d84c1105	Eukaryota	Ascomycota	Leotiomycetes	Chaetomellales	Chaetomellaceae	Pilidium	Pilidium acerinum
741d8ed6e92529cccd34b182d3787150	Eukaryota	Ascomycota	Dothideomycetes	Pleosporales	Lophiostomataceae	Neovaginatispora	Neovaginatispora clematidis
743a919c445fa593ffa54fad56bc31c0	Eukaryota	Ascomycota	Eurotiomycetes	Verrucariales	Verrucariaceae	Verrucaria	Verrucaria rosula
74cb2a550848cc8096f26add7d8a3673	Eukaryota	Chytridiomycota	Chytridiomycetes	Rhizophlyctidales	Sonoraphlyctidaceae	Sonoraphlyctis	Sonoraphlyctis ranzonii
74ef7b7ee2b52232aee2bc7271857fe0	Eukaryota	Chytridiomycota	Chytridiomycetes	Rhizophlyctidales	Sonoraphlyctidaceae	Sonoraphlyctis	Sonoraphlyctis ranzonii
75a31b03cedf0453ae8e2dd23b3cc034	Eukaryota	Chytridiomycota	Chytridiomycetes	Rhizophydiales	Alphamycetaceae	Alphamyces	Alphamyces chaetifer
75c1a1614c70407118cd447b247f6758	Eukaryota	Ascomycota	Dothideomycetes	Mytilinidiales	Mytilinidiaceae	Pseudocamaropycnis	Pseudocamaropycnis pini
7610770bebe92c70bcf06436dfab492e	Eukaryota	Zoopagomycota	Basidiobolomycetes	Basidiobolales	Basidiobolaceae	Basidiobolus	Basidiobolus magnus
761a1a46cdb0710f6af0e55b2e9df0d2	Eukaryota	Ascomycota	Sordariomycetes	Hypocreales	Nectriaceae	Thelonectria	Thelonectria nodosa
764f00d8bfd5e8b96306e3a0a28fefda	Eukaryota	Ascomycota	Dothideomycetes	NA	NA	Morenoina	Morenoina calamicola
765cb6b225aab79f240d4e602f507f4a	Eukaryota	Basidiomycota	Agaricomycetes	Agaricales	Lycoperdaceae	Bovista	Bovista reunionis
775a41348d91f9213ee2be9101d43118	Eukaryota	Ascomycota	Eurotiomycetes	Chaetothyriales	Herpotrichiellaceae	Neosorocybe	Neosorocybe pini
7798c5cb726fa5a685601451ef0dcb69	Eukaryota	Basidiomycota	Agaricomycetes	Thelephorales	Thelephoraceae	Tomentella	Tomentella tenuissima
77b7ad456ec9d0973a0a557dce34f798	Eukaryota	Chytridiomycota	Monoblepharidomycetes	Monoblepharidales	NA	Hyaloraphidium	Hyaloraphidium curvatum
77f6a5ea384fe8812933ac47ec3fefd6	Eukaryota	Basidiomycota	Agaricomycetes	Agaricales	Entolomataceae	Entoloma	Entoloma vindobonense
784c709b99e747fa67ca0f0840c407de	Eukaryota	Basidiomycota	Tremellomycetes	Tremellales	Bulleraceae	Genolevuria	Genolevuria armeniaca
78ff7f736bc68102f007ea17d052978b	Eukaryota	Basidiomycota	Microbotryomycetes	Sporidiobolales	Sporidiobolaceae	Rhodosporidiobolus	Rhodosporidiobolus poonsookiae
79e14aebbb46ef0db218e9a388c2fb14	Eukaryota	Ascomycota	Leotiomycetes	Helotiales	Helotiaceae	Glarea	Glarea lozoyensis
7a522ff82cb0396d60c8d734c4b15559	Eukaryota	Ascomycota	Dothideomycetes	Valsariales	Valsariaceae	Myrmaecium	Myrmaecium rubrum
7afa9d18292274ef558ab9c3e1539ff5	Eukaryota	Basidiomycota	Tremellomycetes	Tremellales	Trimorphomycetaceae	Saitozyma	Saitozyma podzolica
7b4f004951d615f8848d7e88d7bedaa3	Eukaryota	Ascomycota	Dothideomycetes	Botryosphaeriales	Botryosphaeriaceae	Barriopsis	Barriopsis iraniana
7b8be15601023572173d7b848cba23a0	Eukaryota	Ascomycota	Dothideomycetes	Tubeufiales	Tubeufiaceae	Camporesiomyces	Camporesiomyces vaccinii
7bdb7e014e50b60eedfc5c3ace4c4d11	Eukaryota	Mucoromycota	Endogonomycetes	Endogonales	Endogonaceae	Jimgerdemannia	Jimgerdemannia lactiflua
7d29232b8e88b5f79933fd2678e311ae	Eukaryota	Ascomycota	Eurotiomycetes	Chaetothyriales	Herpotrichiellaceae	Sorocybe	Sorocybe oblongispora
7d36ddaef969abfe26ab048c45928682	Eukaryota	Basidiomycota	Agaricostilbomycetes	Agaricostilbales	Jianyuniaceae	Jianyunia	Jianyunia sakaguchii
7d710094f65125cfb7e03fbe5d8c91a7	Eukaryota	Ascomycota	Dothideomycetes	Capnodiales	Capnodiaceae	Kosmimatamyces	Kosmimatamyces alatophylus
7e11ce6b94104ba8bd14b27d67ea459d	Eukaryota	Basidiomycota	Tremellomycetes	Filobasidiales	Piskurozymaceae	Solicoccozyma	Solicoccozyma terrea
7ea2a06d80e65dc02c4172c0b3c594c9	Eukaryota	Ascomycota	Dothideomycetes	Tubeufiales	Tubeufiaceae	Zaanenomyces	Zaanenomyces moderatricis-academiae
7f3f1f1c1e1f53ba512e3e4f8e31c35e	Eukaryota	Ascomycota	Leotiomycetes	Helotiales	NA	Chalara	Chalara hyalocuspica
800d0865ad16186118ed1192dc379609	Eukaryota	Mucoromycota	Umbelopsidomycetes	Umbelopsidales	Umbelopsidaceae	Umbelopsis	Umbelopsis autotrophica
80542f8314d1198e41740a448b1034c2	Eukaryota	Mucoromycota	Mortierellomycetes	Mortierellales	Mortierellaceae	Lobosporangium	Lobosporangium transversale
80962570138e0b4c998e92711d070fce	Eukaryota	Ascomycota	Leotiomycetes	Chaetomellales	Chaetomellaceae	Chaetomella	Chaetomella zambiensis
80bba5b8257d27d5321802cca3daaa64	Eukaryota	Mucoromycota	Glomeromycetes	Diversisporales	Diversisporaceae	Diversispora	Diversispora aurantia
810fa3cf05316e7fa19ee179990af068	Eukaryota	Mucoromycota	Glomeromycetes	Glomerales	Glomeraceae	Rhizophagus	Rhizophagus prolifer
81501c7904e75380d4bd4a9642ac0b73	Eukaryota	Ascomycota	Leotiomycetes	Helotiales	NA	Humicolopsis	Humicolopsis cephalosporioides
8167e04b63cc97a7879e7286e470acb1	Eukaryota	Ascomycota	Leotiomycetes	Helotiales	Rutstroemiaceae	Clarireedia	Clarireedia paspali
8220198a25f5f95cd7b4c58d7ee475d7	Eukaryota	Basidiomycota	Agaricomycetes	Agaricales	Entolomataceae	Entoloma	Entoloma vindobonense
82cfa58276bf215a425866b1eb0c487c	Eukaryota	Ascomycota	Dothideomycetes	Pleosporales	NA	Cryptocoryneum	Cryptocoryneum akitaense
835ed446eafada6f3262296c79b6509f	Eukaryota	Ascomycota	Orbiliomycetes	Orbiliales	Orbiliaceae	Orbilia	Orbilia liliputiana
8369f093b9957c5e950270c02593e1fd	Eukaryota	Basidiomycota	Microbotryomycetes	Sporidiobolales	Sporidiobolaceae	Rhodosporidiobolus	Rhodosporidiobolus ruineniae
836d088f1c13533dd1a9df0b93a0e4b3	Eukaryota	Ascomycota	Sordariomycetes	Glomerellales	Plectosphaerellaceae	Plectosphaerella	Plectosphaerella sinensis
83c455157bb759e57feb3c7538dbf30a	Eukaryota	Ascomycota	Dothideomycetes	Tubeufiales	Tubeufiaceae	Zaanenomyces	Zaanenomyces moderatricis-academiae
83db2895a73c196d1a21fffdd55a9cd3	Eukaryota	Basidiomycota	Agaricomycetes	Thelephorales	Thelephoraceae	Tomentella	Tomentella lammiensis
840af938530ca3f2bb25a33e70590666	Eukaryota	Basidiomycota	Agaricomycetes	Trechisporales	Hydnodontaceae	Trechispora	Trechispora hondurensis
848f1daa5f25261a00c1d6ff99627a63	Eukaryota	Ascomycota	Leotiomycetes	Helotiales	NA	Chalara	Chalara hyalocuspica
84b29a966cb6868e497ca246a353d72e	Eukaryota	Zoopagomycota	Basidiobolomycetes	Basidiobolales	Basidiobolaceae	Basidiobolus	Basidiobolus magnus
84deb4ce2bf7672292435a712799a560	Eukaryota	Cnidaria	Hydrozoa	Anthoathecata	Pandeidae	Neoturris	Neoturris breviconis
854db313ff08a617a2ed27ec4cb9c210	Eukaryota	Chytridiomycota	Chytridiomycetes	Lobulomycetales	Lobulomycetaceae	Lobulomyces	Lobulomyces poculatus
85aefa20ca2939e3e2c284ef7d11dc05	Eukaryota	Mucoromycota	Umbelopsidomycetes	Umbelopsidales	Umbelopsidaceae	Umbelopsis	Umbelopsis autotrophica
85d838e22e9a0aa24daa1846ae699ee9	Eukaryota	Mucoromycota	Glomeromycetes	Glomerales	Glomeraceae	Rhizophagus	Rhizophagus irregularis
86d2f2aadf3ba379ff080b4679084317	Eukaryota	Ascomycota	Sordariomycetes	Xylariales	Coniocessiaceae	Coniocessia	Coniocessia maxima
86e29d5f0c77a4b39dc0b1d3401b192d	Eukaryota	Basidiomycota	Microbotryomycetes	Sporidiobolales	Sporidiobolaceae	Rhodosporidiobolus	Rhodosporidiobolus ruineniae
86fe09e23e279e0475964874a98e3e7e	Eukaryota	Ascomycota	Sordariomycetes	Coronophorales	Ceratostomataceae	Dactylidispora	Dactylidispora singaporensis
8708bd16adda7b1676cdfe3ed8ef2c12	Eukaryota	Ascomycota	Orbiliomycetes	Orbiliales	Orbiliaceae	Orbilia	Orbilia epipora
87b563aa8435a2da59ea8602023666ca	Eukaryota	Basidiomycota	Agaricomycetes	Russulales	Russulaceae	Russula	Russula westii
8860102889a4b91ede8e87bd4e71ab2f	Eukaryota	Mucoromycota	Mucoromycetes	Mucorales	Cunninghamellaceae	Absidia	Absidia californica
892652628f9836207baf0538bb7ff4ed	Eukaryota	Ascomycota	Dothideomycetes	NA	NA	Pseudoarthrographis	Pseudoarthrographis phlogis
8933ca7e24337ce795f326aaa4bcd6cb	Eukaryota	Basidiomycota	Agaricomycetes	Agaricales	Entolomataceae	Clitopilus	Clitopilus baronii
8999f06fde928ebd3042da9df3aca9a9	Eukaryota	Chytridiomycota	Monoblepharidomycetes	Monoblepharidales	NA	Hyaloraphidium	Hyaloraphidium curvatum
89e8f43cf7e84ed0ebe0a1e756d8e7ee	Eukaryota	Ascomycota	Sordariomycetes	NA	Atractosporaceae	Atractospora	Atractospora thailandensis
8a0c7e944599ae9d5495cc734de5973c	Eukaryota	Ascomycota	Leotiomycetes	Helotiales	Rutstroemiaceae	Clarireedia	Clarireedia paspali
8a16138e36bb7bfb1d40b07454e53619	Eukaryota	Ascomycota	Sordariomycetes	Hypocreales	Clavicipitaceae	Keithomyces	Keithomyces carneus
8a17f1e98091ade10f35bcb25973c929	Eukaryota	Basidiomycota	Agaricomycetes	Thelephorales	Thelephoraceae	Sarcodon	Sarcodon lidongensis
8a7bb869d744cf6138ccbbaa172018e9	Eukaryota	Ascomycota	Dothideomycetes	Mycosphaerellales	Teratosphaeriaceae	Meristemomyces	Meristemomyces arctostaphylos
8abe1a7d7c67d71b25a1ff3bedc22c95	Eukaryota	Ascomycota	Dothideomycetes	Venturiales	Sympoventuriaceae	Scolecobasidium	Scolecobasidium pandanicola
8ac4c97809cce7d63e7724dbc66b6625	Eukaryota	Ascomycota	Orbiliomycetes	Orbiliales	Orbiliaceae	Orbilia	Orbilia microsoma
8b2e3e62f8a0bf26a3a203a08ff73529	Eukaryota	Ascomycota	Dothideomycetes	Mycosphaerellales	Extremaceae	Extremus	Extremus adstrictus
8b653dadd2050d222cc3d63c960b1a08	Eukaryota	Mucoromycota	Glomeromycetes	Diversisporales	Acaulosporaceae	Acaulospora	Acaulospora laevis
8b839d397b825ea87658256027b60bd1	Eukaryota	Mucoromycota	Mortierellomycetes	Mortierellales	Mortierellaceae	Mortierella	Mortierella rostafinskii
8b9304a169e93944594c922b1eb25be5	Eukaryota	Chytridiomycota	Chytridiomycetes	Spizellomycetales	Spizellomycetaceae	Triparticalcar	Triparticalcar equi
8bbcc1cb1501b1637817678c53879796	Eukaryota	Ascomycota	Eurotiomycetes	Chaetothyriales	Herpotrichiellaceae	Exophiala	Exophiala bonariae
8c49f09e6edbdec74e1586e98a678f1a	Eukaryota	Zoopagomycota	Basidiobolomycetes	Basidiobolales	Basidiobolaceae	Basidiobolus	Basidiobolus magnus
8c5ae84cf550ec9b904b7ae644551120	Eukaryota	Basidiomycota	Microbotryomycetes	Sporidiobolales	Sporidiobolaceae	Rhodosporidiobolus	Rhodosporidiobolus ruineniae
8c6ceb7ce6f71e29fd61422151dcbadb	Eukaryota	Zoopagomycota	Harpellomycetes	Harpellales	Legeriomycetaceae	Zancudomyces	Zancudomyces culisetae
8cfda78929878609c5b55c023a6d1d10	Eukaryota	Ascomycota	Orbiliomycetes	Orbiliales	Orbiliaceae	Orbilia	Orbilia xinjiangensis
8d907bd5c341a55b3deabef44477dd32	Eukaryota	Chytridiomycota	Chytridiomycetes	Spizellomycetales	Spizellomycetaceae	Spizellomyces	Spizellomyces acuminatus
8d94b5e70e626c05de08e2e60a7b01d1	Eukaryota	Ascomycota	Dothideomycetes	Pleosporales	Lophiostomataceae	Neovaginatispora	Neovaginatispora clematidis
8db22a463152904efddf1f93aab38b5a	Eukaryota	Chytridiomycota	Chytridiomycetes	NA	Quaeritorhizaceae	Quaeritorhiza	Quaeritorhiza haematococci
8dc0c8c5bc472822992ed3d6d1486073	Eukaryota	Ascomycota	Eurotiomycetes	Chaetothyriales	Herpotrichiellaceae	Neosorocybe	Neosorocybe pini
8e2fd31be6c9e5d27055b45e46268a6e	Eukaryota	Ascomycota	Dothideomycetes	Venturiales	Venturiaceae	Tyrannosorus	Tyrannosorus hystrioides
8e5bca6c7bb4f3203084da5b55547157	Eukaryota	Ascomycota	Eurotiomycetes	Chaetothyriales	Herpotrichiellaceae	Neosorocybe	Neosorocybe pini
8e60f592a485182490b585132d16f4a8	Eukaryota	Ascomycota	Dothideomycetes	Monoblastiales	Monoblastiaceae	Neoheleiosa	Neoheleiosa lincangensis
8e773f6ed337206767b387d844ed2043	Eukaryota	Chytridiomycota	Chytridiomycetes	Spizellomycetales	Spizellomycetaceae	Spizellomyces	Spizellomyces acuminatus
8ea932d24067a972f91b939a77e42c3c	Eukaryota	Basidiomycota	Tremellomycetes	Filobasidiales	Filobasidiaceae	Naganishia	Naganishia albidosimilis
8eec2a17778b6fe03f2f056c00192f64	Eukaryota	Basidiomycota	Tremellomycetes	Filobasidiales	Filobasidiaceae	Naganishia	Naganishia albidosimilis
8f28e80c260b9959fa8176316c5ec1ae	Eukaryota	Ascomycota	Dothideomycetes	Pleosporales	Pleosporaceae	Alternaria	Alternaria dennisii
8f77bb01adfa433c863543f5004c9647	Eukaryota	Ascomycota	Eurotiomycetes	Chaetothyriales	Herpotrichiellaceae	Exophiala	Exophiala nigra
8f979dc9e5bc1bf16f6b6851f29934fa	Eukaryota	Basidiomycota	Agaricomycetes	Agaricales	Crepidotaceae	Crepidotus	Crepidotus rufofloccosus
9002c4d6829d7cb8591338d10f9594d4	Eukaryota	Chytridiomycota	Chytridiomycetes	Rhizophlyctidales	Arizonaphlyctidaceae	Arizonaphlyctis	Arizonaphlyctis lemmonensis
9014d1b7b1e6a32656193c74384ef175	Eukaryota	Ascomycota	Sordariomycetes	Hypocreales	Nectriaceae	Fusarium	Fusarium foetens
9016e3cb939880c1637e56fafd3a7527	Eukaryota	Mucoromycota	Mortierellomycetes	Mortierellales	Mortierellaceae	Entomortierella	Entomortierella sugadairana
901f4a5d3a05632ff29c9cfa03dbd994	Eukaryota	Basidiomycota	Agaricomycetes	Agaricales	Hymenogastraceae	Hebeloma	Hebeloma limbatum
902415862d334eb53d6b928ed7af3792	Eukaryota	Ascomycota	Eurotiomycetes	Chaetothyriales	Herpotrichiellaceae	Cladophialophora	Cladophialophora cabanerensis
9042287e6be4dff5dedbe0f80d1d2b85	Eukaryota	Ascomycota	Orbiliomycetes	Orbiliales	Orbiliaceae	Orbilia	Orbilia xinjiangensis
904f6578bcd374909ea3444596e0cc52	Eukaryota	Chytridiomycota	Chytridiomycetes	Spizellomycetales	Spizellomycetaceae	Spizellomyces	Spizellomyces acuminatus
90c1712aaf041dfa968c404bd494d027	Eukaryota	Ascomycota	Dothideomycetes	NA	Gloniaceae	Pseudocenococcum	Pseudocenococcum floridanum
91706e7e3464746ce2d99652b5c5e2c9	Eukaryota	Ascomycota	Lecanoromycetes	Trapeliales	Trapeliaceae	Trapeliopsis	Trapeliopsis flexuosa
92509ae5788e28a15e62250ad7a0c6ba	Eukaryota	Ascomycota	Dothideomycetes	Pleosporales	Pleosporaceae	Neocamarosporium	Neocamarosporium lamiacearum
927403c0fd8a6a251971d0ffaac67965	Eukaryota	Zoopagomycota	Zoopagomycetes	Zoopagales	Piptocephalidaceae	Piptocephalis	Piptocephalis corymbifera
9353e067b1c800e74e7253bb5510c971	Eukaryota	Ascomycota	Lecanoromycetes	Lecideales	Lecideaceae	Lecidea	Lecidea polypycnidophora
93e9cec15e41fe5421f034dd14f93daa	Eukaryota	Ascomycota	Dothideomycetes	Botryosphaeriales	Botryosphaeriaceae	Barriopsis	Barriopsis iraniana
9408849c56e78bc72f3b5def25a8ccd4	Eukaryota	Mucoromycota	Glomeromycetes	Diversisporales	Acaulosporaceae	Acaulospora	Acaulospora laevis
940edb93a2fb3fb1200f23e4346d7530	Eukaryota	Basidiomycota	Agaricomycetes	Agaricales	Tricholomataceae	Pseudobaeospora	Pseudobaeospora wipapatiae
9419e30fc81d62ad8985ee8a6a5d130a	Eukaryota	Basidiomycota	Agaricomycetes	Boletales	Astraeaceae	Astraeus	Astraeus asiaticus
951ef124abebf5a0e86a12df489717dc	Eukaryota	Ascomycota	Sordariomycetes	Coniochaetales	Coniochaetaceae	Coniochaeta	Coniochaeta gigantospora
95ee5ad6861a37d7a5debe95c7713c34	Eukaryota	Mucoromycota	Glomeromycetes	Glomerales	Glomeraceae	Rhizophagus	Rhizophagus prolifer
960bcdd92b436635b882a5602e35bdad	Eukaryota	Chytridiomycota	Chytridiomycetes	Rhizophlyctidales	Sonoraphlyctidaceae	Sonoraphlyctis	Sonoraphlyctis ranzonii
96bb09964513e0e16a77da45a95f52dc	Eukaryota	Basidiomycota	Agaricomycetes	Cantharellales	Ceratobasidiaceae	Ceratobasidium	Ceratobasidium ramicola
97ac43ef3be515c2a336a3f33bcadd8f	Eukaryota	Ascomycota	Dothideomycetes	Botryosphaeriales	Botryosphaeriaceae	Eutiarosporella	Eutiarosporella urbis-rosarum
981e221c30bb707d543d02d0b78b5c4f	Eukaryota	Basidiomycota	Tremellomycetes	Tremellales	Bulleribasidiaceae	Bulleribasidium	Bulleribasidium variabile
982f9ab5ce2c62b9a7cbf137dd3e21b7	Eukaryota	Ascomycota	Sordariomycetes	Xylariales	Xylariaceae	Astrocystis	Astrocystis tessellati
98f933dbb244b0a9e794e49d5c1beec2	Eukaryota	Zoopagomycota	Zoopagomycetes	Zoopagales	Piptocephalidaceae	Piptocephalis	Piptocephalis cylindrospora
99eefb327c9087e43dcfa16ce49833ec	Eukaryota	Ascomycota	Dothideomycetes	Pleosporales	Didymellaceae	Neoascochyta	Neoascochyta triticicola
9a079183cd5254bfdfa69c54d0cf3a46	Eukaryota	Ascomycota	Dothideomycetes	Pleosporales	Leptosphaeriaceae	Leptosphaeria	Leptosphaeria etheridgei
9a59d77d1bd89bbe4262a0675d4e35d6	Eukaryota	Basidiomycota	Tremellomycetes	Tremellales	Tremellaceae	Tremella	Tremella fuciformis
9ad231995a15da967a54eb9788785f5b	Eukaryota	Ascomycota	Sordariomycetes	Coronophorales	Ceratostomataceae	Microthecium	Microthecium quadrangulatum
9c34df68d85a023774161b80360cde1c	Eukaryota	Mucoromycota	Umbelopsidomycetes	Umbelopsidales	Umbelopsidaceae	Umbelopsis	Umbelopsis autotrophica
9c85a5ceac86684efaa79cfb299badd7	Eukaryota	Ascomycota	Eurotiomycetes	Verrucariales	Verrucariaceae	Verrucaria	Verrucaria othmarbreussii
9d80b9cab325d490b5b89026a0c6cf03	Eukaryota	Basidiomycota	Agaricomycetes	Agaricales	Psathyrellaceae	Parasola	Parasola ochracea
9dd4f00ed45275bba9dcd4e8adce5b04	Eukaryota	Basidiomycota	Agaricomycetes	Agaricales	Psathyrellaceae	Coprinellus	Coprinellus christianopolitanus
9dfe7afeb6b0f78c536effe04fb09809	Eukaryota	Ascomycota	Sordariomycetes	Sordariales	Chaetomiaceae	Acrophialophora	Acrophialophora levis
9e14bede0b247ab26c4fe372db29cfab	Eukaryota	Ascomycota	Dothideomycetes	Minutisphaerales	Minutisphaeraceae	Minutisphaera	Minutisphaera aspera
9e217d13b7a46e012c9485aad1099e98	Eukaryota	Ascomycota	Dothideomycetes	Venturiales	Sympoventuriaceae	Scolecobasidium	Scolecobasidium tshawytschae
9e2cfc60f9b09399e270f1c660b7f021	Eukaryota	Ascomycota	Dothideomycetes	Pleosporales	Periconiaceae	Paraloratospora	Paraloratospora camporesii
9e55963c13a6f4f9cb5cdacacbf90809	Eukaryota	Basidiomycota	Cystobasidiomycetes	Cystobasidiales	Cystobasidiaceae	Cystobasidium	Cystobasidium laryngis
9e6481c210ed853da8cc06efe136aeab	Eukaryota	Chytridiomycota	Chytridiomycetes	Chytridiales	Chytridiaceae	Phlyctochytrium	Phlyctochytrium californicum
9e8cd6cf1060a624949099e6a825f65e	Eukaryota	Mucoromycota	Glomeromycetes	Glomerales	Glomeraceae	Rhizophagus	Rhizophagus prolifer
9e8cff448517ec3e7f9b07394796cdb9	Eukaryota	Basidiomycota	Agaricomycetes	Agaricales	Psathyrellaceae	Coprinellus	Coprinellus christianopolitanus
9eb0ee92cb86161eb126a1d2ce29329a	Eukaryota	Ascomycota	Sordariomycetes	Coronophorales	Ceratostomataceae	Echinusitheca	Echinusitheca citrispora
9ebd396065099be4e726c65636340c66	Eukaryota	Ascomycota	Eurotiomycetes	Verrucariales	Verrucariaceae	Atla	Atla alaskana
9ebef002987fe586d59bfe73eb2b4e06	Eukaryota	Ascomycota	Leotiomycetes	Helotiales	Vandijckellaceae	Vandijckella	Vandijckella johannae
9ef112dbcc144513fa66b4b432f296d4	Eukaryota	Ascomycota	Sordariomycetes	Xylariales	Xylariaceae	Xylaria	Xylaria wallichii
9f249cb378a15f50e4a020fb6e60e9d2	Eukaryota	Ascomycota	Geoglossomycetes	Geoglossales	Geoglossaceae	Geoglossum	Geoglossum geesterani
a15538ba53a56267765ccf70cf51ac89	Eukaryota	Basidiomycota	Agaricomycetes	Agaricales	Porotheleaceae	Trogia	Trogia venenata
a1750b53b1af613d6da94823b3612c4d	Eukaryota	Chytridiomycota	Monoblepharidomycetes	Monoblepharidales	NA	Hyaloraphidium	Hyaloraphidium curvatum
a1ace79ef2170d1bcebb6c5a21ee1a3a	Eukaryota	Basidiomycota	Agaricomycetes	Agaricales	Omphalotaceae	Gymnopus	Gymnopus junquilleus
a1b594e673458bc033515038fe498bd4	Eukaryota	Ascomycota	Orbiliomycetes	Orbiliales	Orbiliaceae	Dactylella	Dactylella tenuifusaria
a212fa8ef8c3919c68ce39783533f4a7	Eukaryota	Ascomycota	Dothideomycetes	Pleosporales	Periconiaceae	Periconia	Periconia epilithographicola
a252926b2cd0a6eceba5cae8e0ef66f9	Eukaryota	Chytridiomycota	Chytridiomycetes	Chytridiales	Chytridiaceae	Chytridium	Chytridium olla
a2605450bba25dde84a4c8144d5f571f	Eukaryota	Ascomycota	NA	NA	NA	Pseudopenidiella	Pseudopenidiella piceae
a2a3940fc7b913bcac1c0ed726cb9a66	Eukaryota	Basidiomycota	Tremellomycetes	Filobasidiales	Piskurozymaceae	Solicoccozyma	Solicoccozyma terrea
a2ca2d21a1047b92eb42ade04625db99	Eukaryota	Basidiomycota	Tremellomycetes	Tremellales	Bulleribasidiaceae	Vishniacozyma	Vishniacozyma melezitolytica
a2d8f439417bc652a8a7ace33071a005	Eukaryota	Ascomycota	Sordariomycetes	Hypocreales	Cordycipitaceae	Beauveria	Beauveria australis
a31e4a641366002ab2890f74ac4ebfa3	Eukaryota	Basidiomycota	Agaricomycetes	Agaricales	Cortinariaceae	Cortinarius	Cortinarius heterodepressus
a3286e1e85177674c7c1a89fc57ad474	Eukaryota	Chytridiomycota	Chytridiomycetes	Rhizophlyctidales	Arizonaphlyctidaceae	Arizonaphlyctis	Arizonaphlyctis lemmonensis
a411cfa27dc665af067fc00120f2839c	Eukaryota	Ascomycota	Sordariomycetes	Sordariales	Chaetomiaceae	Trichocladium	Trichocladium pyriforme
a43460bc41b2913c4397243c1e412cae	Eukaryota	Zoopagomycota	Zoopagomycetes	Zoopagales	Piptocephalidaceae	Piptocephalis	Piptocephalis moniliformis
a4c5c396a120be641c418d024a8da169	Eukaryota	Ascomycota	Eurotiomycetes	Chaetothyriales	Herpotrichiellaceae	Cladophialophora	Cladophialophora boppii
a4df82a8ae70f5349c398597ec6a468d	Eukaryota	Zoopagomycota	Zoopagomycetes	Zoopagales	Piptocephalidaceae	Piptocephalis	Piptocephalis moniliformis
a50d14b6bd0a79b57195746287980ffe	Eukaryota	Basidiomycota	Tremellomycetes	Tremellales	Bulleribasidiaceae	Bulleribasidium	Bulleribasidium variabile
a5e914d4b4f00304bd5c651332d5b56d	Eukaryota	Basidiomycota	Tremellomycetes	Tremellales	Bulleraceae	Genolevuria	Genolevuria armeniaca
a66b4b301ce336546fec1ea21e1d0397	Eukaryota	Ascomycota	Dothideomycetes	Pleosporales	Phaeosphaeriaceae	Bhagirathimyces	Bhagirathimyces himalayensis
a6886fa53d4eeabb6992976c6532e525	Eukaryota	Ascomycota	Dothideomycetes	Dothideales	Saccotheciaceae	Aureobasidium	Aureobasidium subglaciale
a6c4eb0775fe6dda141831ea1e71177b	Eukaryota	Ascomycota	Saccharomycetes	Saccharomycetales	NA	Candida/Saccharomycetales	[Candida] blankii
a7c3c4ddb6306dcefe41ab0a311146cd	Eukaryota	Mucoromycota	Endogonomycetes	Endogonales	Endogonaceae	Jimgerdemannia	Jimgerdemannia lactiflua
a874e8c6f074d867447be91c6c8f5387	Eukaryota	Olpidiomycota	Olpidiomycetes	Olpidiales	Olpidiaceae	Olpidium	Olpidium brassicae
a88f7cbead3ef44d30c40222ca221e4e	Eukaryota	Mucoromycota	Mortierellomycetes	Mortierellales	Mortierellaceae	Mortierella	Mortierella sarnyensis
a8cf1093de4c373e2810cb93d887bae2	Eukaryota	Basidiomycota	Tremellomycetes	Tremellales	Trimorphomycetaceae	Saitozyma	Saitozyma podzolica
a958c6c805a90e3002421d320ee9e900	Eukaryota	Basidiomycota	Agaricomycetes	Gloeophyllales	Gloeophyllaceae	Heliocybe	Heliocybe villosa
a997f0c77aacee956d61ba72b22e42e3	Eukaryota	Ascomycota	Sordariomycetes	Hypocreales	Nectriaceae	Thelonectria	Thelonectria nodosa
a99ca1a686e1b4a03996e0893a07a5d7	Eukaryota	Ascomycota	Eurotiomycetes	Sclerococcales	Dactylosporaceae	Sclerococcum	Sclerococcum tardum
a9f0f4f6811705ca0647bf1f4d5a80f5	Eukaryota	Basidiomycota	Agaricomycetes	Auriculariales	Aporpiaceae	Aporpium	Aporpium miniporum
aabdbd99c02ed6528d5dec5d4c05a389	Eukaryota	Mucoromycota	Glomeromycetes	Glomerales	Glomeraceae	Glomus	Glomus macrocarpum
ac5e78efc9c2c1f719dd398aacf1696a	Eukaryota	Ascomycota	Sordariomycetes	Coniochaetales	Coniochaetaceae	Coniochaeta	Coniochaeta cymbiformispora
ac6a2e50707c62402423ffd370351248	Eukaryota	Basidiomycota	Agaricomycetes	Polyporales	Polyporaceae	Trametes	Trametes sanguinea
acaf91cc9a043382dc13b894c6050a02	Eukaryota	Basidiomycota	Atractiellomycetes	Atractiellales	Hoehnelomycetaceae	Atractiella	Atractiella rhizophila
acddd4758722299755b6df71a911042b	Eukaryota	Ascomycota	Dothideomycetes	Pleosporales	Pleosporaceae	Alternaria	Alternaria proteae
ace93b43241ca101359074be6c1fb4ed	Eukaryota	Basidiomycota	Tremellomycetes	Tremellales	Bulleribasidiaceae	Bulleribasidium	Bulleribasidium variabile
ad9056c3c6166059f578a4565d718c5b	Eukaryota	Mucoromycota	Glomeromycetes	Glomerales	Glomeraceae	Rhizophagus	Rhizophagus irregularis
adad382fa240e3bb3c14bc038a306301	Eukaryota	Basidiomycota	Agaricomycetes	Agaricales	Entolomataceae	Entoloma	Entoloma nubooccultatum
ae1241d4582c9d26ac74f585b94ed617	Eukaryota	Ascomycota	Eurotiomycetes	Eurotiales	Trichocomaceae	Thermomyces	Thermomyces lanuginosus
aea6927b3058c20b86bb86227e00009c	Eukaryota	Chytridiomycota	Monoblepharidomycetes	Monoblepharidales	Gonapodyaceae	Gonapodya	Gonapodya prolifera
aead87d746fc843fd9f093b3ec028289	Eukaryota	Ascomycota	Eurotiomycetes	Eurotiales	Aspergillaceae	Penicillium	Penicillium canescens
af39f0d5bc95858844bdb0abbc68f2ee	Eukaryota	Ascomycota	Orbiliomycetes	Orbiliales	Orbiliaceae	Hyalorbilia	Hyalorbilia oviparasitica
af91a8629a524f1eb4350d8bf4492a98	Eukaryota	Ascomycota	Dothideomycetes	NA	Gloniaceae	Pseudocenococcum	Pseudocenococcum floridanum
afa28d9bd800572620d22ff5d720065d	Eukaryota	Mucoromycota	Mortierellomycetes	Mortierellales	Mortierellaceae	Mortierella	Mortierella rishikesha
b11806bc2fee4a7df63db29422ad8735	Eukaryota	NA	Glaucocystophyceae	Glaucocystales	Glaucocystaceae	Glaucocystis	Glaucocystis sp. ARP-2014
b222c5536ab06009fc081368736efbe7	Eukaryota	Ascomycota	Eurotiomycetes	Chaetothyriales	Herpotrichiellaceae	Cladophialophora	Cladophialophora recurvata
b22b2529bb02fcbb3215874831c2991a	Eukaryota	Mucoromycota	Glomeromycetes	Glomerales	Glomeraceae	Rhizophagus	Rhizophagus prolifer
b23dbec60222bb4a3c646342af905aca	Eukaryota	Mucoromycota	Glomeromycetes	Diversisporales	Acaulosporaceae	Acaulospora	Acaulospora entreriana
b365b2168e4b9553b5d2cecc69d3dca4	Eukaryota	Ascomycota	Eurotiomycetes	Chaetothyriales	Herpotrichiellaceae	Sorocybe	Sorocybe oblongispora
b3c82b8a890bea7e142796014e830a25	Eukaryota	Basidiomycota	Exobasidiomycetes	Golubeviales	Golubeviaceae	Golubevia	Golubevia pallescens
b42a70c49a1d4a018d8eeee88644d960	Eukaryota	Chytridiomycota	Chytridiomycetes	Rhizophlyctidales	Arizonaphlyctidaceae	Arizonaphlyctis	Arizonaphlyctis lemmonensis
b4ad28418cc2f01cf26836df6577a175	Eukaryota	Chytridiomycota	Monoblepharidomycetes	Monoblepharidales	Gonapodyaceae	Gonapodya	Gonapodya prolifera
b4b19db4eb9fe4b678fe245735b1f270	Eukaryota	Chytridiomycota	Monoblepharidomycetes	Monoblepharidales	NA	Hyaloraphidium	Hyaloraphidium curvatum
b4b4070b182da3221eec676cd12cbb6f	Eukaryota	Ascomycota	Dothideomycetes	Cladosporiales	Cladosporiaceae	Rachicladosporium	Rachicladosporium eucalypti
b5293a1e5ce7ab55263531c89d648802	Eukaryota	Zoopagomycota	Zoopagomycetes	Zoopagales	Piptocephalidaceae	Piptocephalis	Piptocephalis moniliformis
b544ae40d0bee409f4d71380e7248820	Eukaryota	Basidiomycota	Agaricostilbomycetes	Agaricostilbales	Chionosphaeraceae	Kurtzmanomyces	Kurtzmanomyces tardus
b56f55433fa7d5f54a3a58c705015db6	Eukaryota	Chytridiomycota	Chytridiomycetes	Rhizophlyctidales	Borealophlyctidaceae	Borealophlyctis	Borealophlyctis paxensis
b651d86712cd2fe3f832d227dfe3e390	Eukaryota	Basidiomycota	Agaricomycetes	Agaricales	Agaricaceae	Agaricus	Agaricus xanthodermulus
b683c724508c342ea9a5670dc3a5bd2b	Eukaryota	Basidiomycota	Agaricomycetes	Agaricales	Strophariaceae	Galerina	Galerina venenata
b7418791055e0589b0245b4568490f8f	Eukaryota	Ascomycota	Eurotiomycetes	Chaetothyriales	Herpotrichiellaceae	Sorocybe	Sorocybe oblongispora
b77c2e979709c20e59e01d7eaec1041a	Eukaryota	Basidiomycota	Tremellomycetes	Filobasidiales	Piskurozymaceae	Solicoccozyma	Solicoccozyma terrea
b79ffefe7f0ace9777fd6b414c3eddec	Eukaryota	Ascomycota	Orbiliomycetes	Orbiliales	Orbiliaceae	Orbilia	Orbilia xinjiangensis
b7e1f8f8fb24b36b1f9f9127e6655375	Eukaryota	Basidiomycota	Tremellomycetes	Filobasidiales	Filobasidiaceae	Naganishia	Naganishia albidosimilis
b7eb65f7cf3698bd3fe1788d5d6ed7fb	Eukaryota	Zoopagomycota	Zoopagomycetes	Zoopagales	Piptocephalidaceae	Piptocephalis	Piptocephalis moniliformis
b841e151b4b735764bd9aa69a562cf20	Eukaryota	Mucoromycota	Mortierellomycetes	Mortierellales	Mortierellaceae	Mortierella	Mortierella antarctica
b8dd52acbc844b1ea4abacf3e190f523	Eukaryota	Basidiomycota	Agaricomycetes	Agaricales	Strophariaceae	Galerina	Galerina venenata
b8eba8a302c016e8570e1349bd616344	Eukaryota	Ascomycota	Dothideomycetes	NA	NA	Morenoina	Morenoina calamicola
b9359b5d25b888280f8f56001350d077	Eukaryota	Ascomycota	Orbiliomycetes	Orbiliales	Orbiliaceae	Dactylella	Dactylella tenuifusaria
b9f3e685b5ba4981ec04803c526488d6	Eukaryota	Ascomycota	Orbiliomycetes	Orbiliales	Orbiliaceae	Hyalorbilia	Hyalorbilia oviparasitica
bb0e5c2be0ef239c01a60d9f3431056f	Eukaryota	Mucoromycota	Mortierellomycetes	Mortierellales	Mortierellaceae	Mortierella	Mortierella rostafinskii
bc02a3d016bf73267f2a806d4e06601f	Eukaryota	Ascomycota	Leotiomycetes	Leotiales	Tympanidaceae	Aotearoamyces	Aotearoamyces nothofagi
bc8f3b5a272481eecd204632a78202b4	Eukaryota	Mucoromycota	Glomeromycetes	Glomerales	Glomeraceae	Rhizophagus	Rhizophagus prolifer
bdc89d4d4bcf52244d8054f1fbf2e3d3	Eukaryota	Mucoromycota	Glomeromycetes	Archaeosporales	Archaeosporaceae	Archaeospora	Archaeospora ecuadoriana
bdce7b3b609cbf764b7b9a0d0147a2d3	Eukaryota	Mucoromycota	Mortierellomycetes	Mortierellales	Mortierellaceae	Mortierella	Mortierella lapis
be7a1c1e36f40806c8f34292f900b3da	Eukaryota	Basidiomycota	Agaricomycetes	Agaricales	Clavariaceae	Clavaria	Clavaria californica
be7e224e0fec4aff95276086e0ba8edb	Eukaryota	Ascomycota	Eurotiomycetes	Chaetothyriales	Trichomeriaceae	Knufia	Knufia separata
be8a1a4d203b466680824c71db396fd9	Eukaryota	Ascomycota	Pezizomycetes	Pezizales	Ascodesmidaceae	Ascodesmis	Ascodesmis rosicola
bece9daf73c1b75a34bd6ce4388a59e0	Eukaryota	Ascomycota	Lecanoromycetes	Trapeliales	Trapeliaceae	Xylographa	Xylographa isidiosa
bef8e36b3100fc9b45067ff9c95ee4ba	Eukaryota	Ascomycota	Pezizomycetes	Pezizales	Helvellaceae	Helvella	Helvella bachu
bf349b3600b0ee6bf39b3bcb5a9e418f	Eukaryota	Ascomycota	Dothideomycetes	Pleosporales	Pleosporaceae	Pleospora	Pleospora iqbalii
bfba4ddbeec023210b13efcd26116fb8	Eukaryota	Ascomycota	Eurotiomycetes	Chaetothyriales	Herpotrichiellaceae	Sorocybe	Sorocybe oblongispora
c06ff16628e724cf248570e522c1ab96	Eukaryota	Ascomycota	Orbiliomycetes	Orbiliales	Orbiliaceae	Orbilia	Orbilia epipora
c11e7a819ecfc242dba3a7f04089a5c3	Eukaryota	Basidiomycota	Exobasidiomycetes	Tilletiales	Tilletiaceae	Tilletia	Tilletia puccinelliae
c265fc81a9c9ed514d46feb820cf0f36	Eukaryota	Ascomycota	Eurotiomycetes	Chaetothyriales	Herpotrichiellaceae	Sorocybe	Sorocybe oblongispora
c26b4645462f0bdaf11312df3740a31c	Eukaryota	Ascomycota	Orbiliomycetes	Orbiliales	Orbiliaceae	Orbilia	Orbilia dorsalia
c2d4ec624191ede5db9000c73839568c	Eukaryota	Mucoromycota	Mucoromycetes	Mucorales	Lichtheimiaceae	Circinella	Circinella umbellata
c31aadb72148cfa01b6e38714efd18a2	Eukaryota	Ascomycota	Eurotiomycetes	Chaetothyriales	Herpotrichiellaceae	Cladophialophora	Cladophialophora recurvata
c4b386a8cd60455032597da9fc9fc9eb	Eukaryota	Ascomycota	Dothideomycetes	Pleosporales	Pleosporaceae	Alternaria	Alternaria eureka
c55ddb94f5bf427ed4f1cf39e3330b45	Eukaryota	Ascomycota	Dothideomycetes	Microthyriales	NA	Neoscolecobasidium	Neoscolecobasidium agapanthi
c5d7ff3b95ba025f5ce2777e43059bae	Eukaryota	Ascomycota	Dothideomycetes	Pleosporales	Didymellaceae	Neoascochyta	Neoascochyta triticicola
c6d5bee829343ba4562e8187c85f8e2b	Eukaryota	Ascomycota	Orbiliomycetes	Orbiliales	Orbiliaceae	Arthrobotrys	Arthrobotrys reticulatus
c70f03e7ca720c81569a4b384fefb9a8	Eukaryota	Mucoromycota	Umbelopsidomycetes	Umbelopsidales	Umbelopsidaceae	Umbelopsis	Umbelopsis dimorpha
c79ef435868fa6741be5fce7d9ceaca8	Eukaryota	Ascomycota	Eurotiomycetes	Eurotiales	Aspergillaceae	Penicillium	Penicillium fellutanum
c7d71ff1256fe995a504abdea2fb0db5	Eukaryota	Chytridiomycota	Chytridiomycetes	Spizellomycetales	Spizellomycetaceae	Spizellomyces	Spizellomyces acuminatus
c7e3ec5132f03f4db7ed7c102f9a0cec	Eukaryota	Basidiomycota	Agaricomycetes	Agaricales	Cortinariaceae	Cortinarius	Cortinarius ohlone
c8db9c86af7e00a1784d7113affa8fe2	Eukaryota	Ascomycota	Eurotiomycetes	Chaetothyriales	Trichomeriaceae	Knufia	Knufia tsunedae
c8f62794e6768237fb110d905020362a	Eukaryota	Ascomycota	Dothideomycetes	Pleosporales	Phaeosphaeriaceae	Septoriella	Septoriella chlamydospora
c8fed8534cd3feccef80078ea197d901	Eukaryota	Mucoromycota	Mortierellomycetes	Mortierellales	Mortierellaceae	Entomortierella	Entomortierella sugadairana
c92cf9e4778768e08b563bc2f5070ab0	Eukaryota	Mucoromycota	Glomeromycetes	Glomerales	Glomeraceae	Rhizophagus	Rhizophagus prolifer
c9b2c71d9ae24d516709bdc6dfc4e681	Eukaryota	Mucoromycota	Mucoromycetes	Mucorales	Mucoraceae	Mucor	Mucor hiemalis
c9ebc8df944909c53d3c8fe0af6f5561	Eukaryota	Mucoromycota	Glomeromycetes	Paraglomerales	Paraglomeraceae	Paraglomus	Paraglomus occultum
ca0aacf7a6cad6b8c327121fe11c49e2	Eukaryota	Ascomycota	Orbiliomycetes	Orbiliales	Orbiliaceae	Dactylellina	Dactylellina appendiculata
cb75b4902630525448faa0be972e5680	Eukaryota	Basidiomycota	Agaricomycetes	Agaricales	Clavariaceae	Clavaria	Clavaria apulica
cbbc41d631dd2c53e9d48c7bb349edc3	Eukaryota	Ascomycota	Eurotiomycetes	Onygenales	NA	Polytolypa	Polytolypa hystricis
cbdc8ef8a7449becb467835bad12a485	Eukaryota	Basidiomycota	Agaricomycetes	Sebacinales	NA	Chaetospermum	Chaetospermum chaetosporum
cbe13cdd5df6cafbb9fc828614ae9832	Eukaryota	Basidiomycota	Agaricomycetes	Agaricales	Clavariaceae	Hodophilus	Hodophilus stramineus
cc71dd941f481e551f31f28c49d2a1e4	Eukaryota	Ascomycota	Eurotiomycetes	Eurotiales	Trichocomaceae	Talaromyces	Talaromyces coprophilus
cca9051402a74285640a730a7567c895	Eukaryota	Basidiomycota	Tremellomycetes	Filobasidiales	Filobasidiaceae	Naganishia	Naganishia uzbekistanensis
ccb06582b1e8b9239909c55e39e2571d	Eukaryota	Mucoromycota	Mortierellomycetes	Mortierellales	Mortierellaceae	Mortierella	Mortierella sarnyensis
cd2635f50aa4677141871fcf79130b8a	Eukaryota	Mucoromycota	Glomeromycetes	Glomerales	Glomeraceae	Rhizophagus	Rhizophagus prolifer
cd5e9aa90fdd4d287c554a29bf4641c7	Eukaryota	Ascomycota	Orbiliomycetes	Orbiliales	Orbiliaceae	Hyalorbilia	Hyalorbilia oviparasitica
cd6b3e3dbc6fd32ab0b04be04b5484a2	Eukaryota	Basidiomycota	Agaricostilbomycetes	Agaricostilbales	Ruineniaceae	Ruinenia	Ruinenia diospyri
cdcfeea3d0079de163fcc4438f809d11	Eukaryota	Basidiomycota	Microbotryomycetes	Sporidiobolales	Sporidiobolaceae	Rhodosporidiobolus	Rhodosporidiobolus fluvialis
ce058a5e5227602c5431f7ba72b98cab	Eukaryota	Basidiomycota	Tremellomycetes	Filobasidiales	Piskurozymaceae	Solicoccozyma	Solicoccozyma terrea
ce09ce01a9d0d33ac3dd607da91d7515	Eukaryota	Basidiomycota	Tremellomycetes	Filobasidiales	Piskurozymaceae	Solicoccozyma	Solicoccozyma terrea
ce759d591bab474a12420f60d124955b	Eukaryota	Ascomycota	Orbiliomycetes	Orbiliales	Orbiliaceae	Orbilia	Orbilia halimi
ced12976e27a44c3a3b6bbb6e9d7237f	Eukaryota	Ascomycota	Dothideomycetes	Pleosporales	Pleosporaceae	Stemphylium	Stemphylium beticola
cf26b6f15d5d1a2784cb72f1a83734cc	Eukaryota	Ascomycota	Dothideomycetes	Dothideales	Dothioraceae	Dothiora	Dothiora viticola
cf6193184d4b50f363fcc969485d237d	Eukaryota	Ascomycota	Sordariomycetes	Hypocreales	Stachybotryaceae	Paramyrothecium	Paramyrothecium breviseta
cfc24bb6458d444e84e6fcbbb20e4f85	Eukaryota	Mucoromycota	Glomeromycetes	Glomerales	Glomeraceae	Glomus	Glomus macrocarpum
d0d9c9e2a8595ccab2ceaa7dac1720b2	Eukaryota	Basidiomycota	Agaricomycetes	Agaricales	Clavariaceae	Clavaria	Clavaria pisana
d0dbd79c0c302b97d8bf9d857b837931	Eukaryota	Ascomycota	Lecanoromycetes	Pertusariales	Megasporaceae	Circinaria	Circinaria rostamii
d13b154313182ad32cdbb9b0bc13e52b	Eukaryota	Ascomycota	Orbiliomycetes	Orbiliales	Orbiliaceae	Retiarius	Retiarius revayae
d1603863c1ef3ff3fc3b4e642b79eb61	Eukaryota	Mucoromycota	Mortierellomycetes	Mortierellales	Mortierellaceae	Lunasporangiospora	Lunasporangiospora chienii
d17974dc59328f1f050f6962a3c8d664	Eukaryota	Basidiomycota	Tremellomycetes	Filobasidiales	Piskurozymaceae	Solicoccozyma	Solicoccozyma terricola
d1c6bdba966d0197fcc99900ba0796d2	Eukaryota	Basidiomycota	Agaricomycetes	Sebacinales	Sebacinaceae	Ditangium	Ditangium altaicum
d1d9bc058d5159a25519ad3969068dd2	Eukaryota	Chytridiomycota	Chytridiomycetes	Rhizophlyctidales	Sonoraphlyctidaceae	Sonoraphlyctis	Sonoraphlyctis ranzonii
d215fad9827700cb25c081006dcf3298	Eukaryota	Mucoromycota	Glomeromycetes	Diversisporales	Acaulosporaceae	Acaulospora	Acaulospora laevis
d290e9ddf0e58e18e8d8683c7835fba2	Eukaryota	Ascomycota	Dothideomycetes	NA	NA	Morenoina	Morenoina calamicola
d2ea8bc1f8adb64a2d798d14780f3801	Eukaryota	Chytridiomycota	Chytridiomycetes	Spizellomycetales	Spizellomycetaceae	Spizellomyces	Spizellomyces acuminatus
d36ea9f3429fac74bf393efd81b78f95	Eukaryota	Streptophyta	Bryopsida	Grimmiales	Seligeriaceae	Seligeria	Seligeria acutifolia
d4944330e6d7b6d8ccd3f4bb2018293f	Eukaryota	Ascomycota	Eurotiomycetes	Chaetothyriales	Herpotrichiellaceae	Neosorocybe	Neosorocybe pini
d5069fb2b2adeaf7388f6808635fc8ea	Eukaryota	Chytridiomycota	Chytridiomycetes	Spizellomycetales	Spizellomycetaceae	Triparticalcar	Triparticalcar equi
d5ae7596d23c3c200736d543c403c46f	Eukaryota	Mucoromycota	Glomeromycetes	Glomerales	Glomeraceae	Rhizophagus	Rhizophagus prolifer
d5ae899866ca3fd3e60990eabc61da5e	Eukaryota	Ascomycota	NA	NA	NA	Pseudopenidiella	Pseudopenidiella piceae
d5f1bc111a790ff866330d651e9738b4	Eukaryota	Mucoromycota	Glomeromycetes	Glomerales	Glomeraceae	Rhizophagus	Rhizophagus prolifer
d65f94b5ecb86ed99e3e85c1dd621ecc	Eukaryota	Ascomycota	Dothideomycetes	Pleosporales	Leptosphaeriaceae	Leptosphaeria	Leptosphaeria etheridgei
d66afa9221ab1cacce2bf2638d07bbed	Eukaryota	Basidiomycota	Agaricomycetes	Agaricales	Lyophyllaceae	Asterophora	Asterophora mirabilis
d6922b1a2e0f39c1e7496fbdcbfa6488	Eukaryota	Chytridiomycota	Monoblepharidomycetes	Monoblepharidales	Gonapodyaceae	Gonapodya	Gonapodya prolifera
d7470d59b97ed5d825182bf7ce8c58e4	Eukaryota	Ascomycota	Lecanoromycetes	Pertusariales	Megasporaceae	Circinaria	Circinaria rostamii
d7b067a27e6d9bc0f958600f2ff0a7d8	Eukaryota	Zoopagomycota	Zoopagomycetes	Zoopagales	Piptocephalidaceae	Piptocephalis	Piptocephalis moniliformis
d7ba13572572d5c65a35863504fd8f2d	Eukaryota	Zoopagomycota	Zoopagomycetes	Zoopagales	Piptocephalidaceae	Piptocephalis	Piptocephalis moniliformis
d7d7dd547a24c786764093dadc7bc15c	Eukaryota	Cryptomycota	NA	NA	NA	Paramicrosporidium	Paramicrosporidium saccamoebae
d827b176e6d0c3004e7a04670ec75aa7	Eukaryota	Ascomycota	Dothideomycetes	NA	NA	Anungitopsis	Anungitopsis lauri
d857d34697047e3b40b5bcffc890d6cb	Eukaryota	Basidiomycota	Microbotryomycetes	Sporidiobolales	Sporidiobolaceae	Rhodosporidiobolus	Rhodosporidiobolus poonsookiae
d8aa065b94f7b9645d9745a1ce134c15	Eukaryota	Basidiomycota	Agaricomycetes	Hymenochaetales	Hymenochaetaceae	Pyrrhoderma	Pyrrhoderma thailandicum
d925b34f5def23edf33a459cef5ecc59	Eukaryota	Ascomycota	Dothideomycetes	Botryosphaeriales	Botryosphaeriaceae	Macrophomina	Macrophomina pseudophaseolina
d96a4de0b04fba9e3b49541e7862f732	Eukaryota	Ascomycota	Dothideomycetes	Pleosporales	NA	Eriomyces	Eriomyces heveae
da37cdf7491fb98e58e64a4d3a0ff082	Eukaryota	Ascomycota	Eurotiomycetes	Chaetothyriales	Trichomeriaceae	Knufia	Knufia tsunedae
da5659cf3897c9e905a1d83c0273887f	Eukaryota	Basidiomycota	Agaricomycetes	Agaricales	Entolomataceae	Entoloma	Entoloma vindobonense
dbc3b01a02113bb0c30d5fada4898c6f	Eukaryota	Mucoromycota	Endogonomycetes	Endogonales	Endogonaceae	Jimgerdemannia	Jimgerdemannia lactiflua
dbca518e26943def5b33558560f708cb	Eukaryota	Ascomycota	Dothideomycetes	Dothideales	Dothioraceae	Hormonema	Hormonema schizolunatum
dbe4cddecb99f9363b2e4070e8d25a48	Eukaryota	Ascomycota	Sordariomycetes	Xylariales	Xylariaceae	Biscogniauxia	Biscogniauxia arima
dbebf15487b26932e86f5ab71fd9f206	Eukaryota	Basidiomycota	Microbotryomycetes	Sporidiobolales	Sporidiobolaceae	Rhodosporidiobolus	Rhodosporidiobolus poonsookiae
dbfe52fd2caeed76d97bfd47b66ff42e	Eukaryota	Basidiomycota	Agaricomycetes	Corticiales	Corticiaceae	Entomocorticium	Entomocorticium sullivanii
dc40585b653d4a2552760dfb7a2cf160	Eukaryota	Zoopagomycota	Harpellomycetes	Harpellales	Legeriomycetaceae	Zancudomyces	Zancudomyces culisetae
dd522397276a23d926a5571386f54d64	Eukaryota	Mucoromycota	Glomeromycetes	Archaeosporales	Archaeosporaceae	Archaeospora	Archaeospora ecuadoriana
dd8dff9e621cc5def7f3f9e2cd3abe74	Eukaryota	Basidiomycota	Agaricomycetes	Auriculariales	Exidiaceae	Adustochaete	Adustochaete interrupta
dda7b4328f8a432f682e73996f9d3cb0	Eukaryota	Ascomycota	Orbiliomycetes	Orbiliales	Orbiliaceae	Retiarius	Retiarius revayae
ddc29ab058713e74d86e431240393724	Eukaryota	Ascomycota	Dothideomycetes	Venturiales	Sympoventuriaceae	Sympoventuria	Sympoventuria capensis
de68310dd66720a299dde05745a1d1e7	Eukaryota	Ascomycota	Sordariomycetes	Coronophorales	Ceratostomataceae	Harzia	Harzia cameroonensis
dec8252e2d9535a61ef67cc8ae492ee9	Eukaryota	Chytridiomycota	Chytridiomycetes	Rhizophlyctidales	Borealophlyctidaceae	Borealophlyctis	Borealophlyctis paxensis
df7e0890dee147f8eadb7bcb6b496bba	Eukaryota	Ascomycota	Dothideomycetes	Venturiales	Sympoventuriaceae	Sympoventuria	Sympoventuria capensis
e0b7f1b65f64b5b2678fb7dd67a5081b	Eukaryota	Ascomycota	Sordariomycetes	Chaetosphaeriales	Chaetosphaeriaceae	Chloridium	Chloridium submersum
e0b9fd0db58c5f2c234cc9fee776b098	Eukaryota	Ascomycota	Sordariomycetes	NA	NA	Cordana	Cordana pauciseptata
e144c14b3b584ba4269a082447f21b43	Eukaryota	Chytridiomycota	Chytridiomycetes	Chytridiales	Chytridiaceae	Phlyctochytrium	Phlyctochytrium californicum
e18ba3b6ac7f31989a5df895be8dbead	Eukaryota	Ascomycota	Dothideomycetes	Venturiales	Sympoventuriaceae	Scolecobasidium	Scolecobasidium pandanicola
e1a6b3c348c915c7ecc1e33edb84ad1b	Eukaryota	Mucoromycota	Glomeromycetes	Glomerales	Glomeraceae	Rhizophagus	Rhizophagus prolifer
e1bbd1883e7552e0b5979f28ae010b35	Eukaryota	Basidiomycota	Tremellomycetes	Tremellales	Rhynchogastremataceae	Papiliotrema	Papiliotrema siamensis
e2222c1c7041a0200ea4fed4151fcb29	Eukaryota	Basidiomycota	Cystobasidiomycetes	Cystobasidiales	Cystobasidiaceae	Cystobasidium	Cystobasidium minutum
e2401ccbdaaec48877ee34498cd3b3ff	Eukaryota	Ascomycota	Eurotiomycetes	Chaetothyriales	Chaetothyriaceae	Ceramothyrium	Ceramothyrium podocarpi
e28c1f91957f5b436689e0da9ade7954	Eukaryota	Mucoromycota	Glomeromycetes	Glomerales	Glomeraceae	Funneliformis	Funneliformis mosseae
e3223a9798c009efef76893b3f51711d	Eukaryota	Ascomycota	Eurotiomycetes	Eurotiales	Aspergillaceae	Aspergillus	Aspergillus citrisporus
e3523451c05ee75e3b58e36bf13c5273	Eukaryota	Ascomycota	Dothideomycetes	Microthyriales	NA	Pseudosoloacrosporiella	Pseudosoloacrosporiella cryptomeriae
e369b48d5b7e87507567bf7ac0e9f70f	Eukaryota	Ascomycota	Dothideomycetes	Pleosporales	Lophiostomataceae	Neovaginatispora	Neovaginatispora clematidis
e454cdef497d00a4409ac2103fcc6619	Eukaryota	Mucoromycota	Mortierellomycetes	Mortierellales	Mortierellaceae	Linnemannia	Linnemannia gamsii
e4a07a4e4a8353ffe914cb5febc00653	Eukaryota	Ascomycota	Geoglossomycetes	Geoglossales	Geoglossaceae	Glutinoglossum	Glutinoglossum heptaseptatum
e4be1d7fd54d2d285c7d31516fd408c6	Eukaryota	Ascomycota	Leotiomycetes	Helotiales	Rutstroemiaceae	Poculum	Poculum pseudosydowianum
e4c20a21a4597aec160ecccdc3a24895	Eukaryota	Ascomycota	Sordariomycetes	Diaporthales	Coryneaceae	Coryneum	Coryneum arausiacum
e54142e571de5aa3d5cde1780ba20220	Eukaryota	Basidiomycota	Tremellomycetes	Filobasidiales	Filobasidiaceae	Filobasidium	Filobasidium globosum
e5e9a6767e9ec7777c100e9065d74dfc	Eukaryota	Ascomycota	Dothideomycetes	NA	NA	Pseudoarthrographis	Pseudoarthrographis phlogis
e6466bf20b699adefd9ba37c28785b83	Eukaryota	Mucoromycota	Glomeromycetes	Glomerales	Glomeraceae	Rhizophagus	Rhizophagus irregularis
e6c3e9db3851d419b90c44cac23ac5f2	Eukaryota	Ascomycota	Sordariomycetes	Hypocreales	Clavicipitaceae	Marquandomyces	Marquandomyces marquandii
e6da12b9d06c522b982b89f40aa670a1	Eukaryota	Ascomycota	Dothideomycetes	Pleosporales	Corynesporascaceae	Corynespora	Corynespora encephalarti
e6ef6fc6a39581b6616037063aec94c3	Eukaryota	Ascomycota	Dothideomycetes	NA	Podonectriaceae	Podonectria	Podonectria kuwanaspidis
e6f6948f098a1fd201f0215885461097	Eukaryota	Chytridiomycota	Chytridiomycetes	Spizellomycetales	Spizellomycetaceae	Spizellomyces	Spizellomyces acuminatus
e74fd7785175e963994b29c9e68beb02	Eukaryota	Mucoromycota	Mortierellomycetes	Mortierellales	Mortierellaceae	Linnemannia	Linnemannia schmuckeri
e78beff1770a22858c85697e046e2cdd	Eukaryota	Mucoromycota	Mortierellomycetes	Mortierellales	Mortierellaceae	Mortierella	Mortierella antarctica
e790be0c26dede658013b9720bf6b5e2	Eukaryota	Basidiomycota	Agaricomycetes	Boletales	Astraeaceae	Astraeus	Astraeus asiaticus
e7af32a738609afb02de78cdffa34dba	Eukaryota	Mucoromycota	Mortierellomycetes	Mortierellales	Mortierellaceae	Entomortierella	Entomortierella sugadairana
e896c77195cb684c45d4a1457bac6933	Eukaryota	Basidiomycota	Agaricomycetes	Agaricales	Agaricaceae	Leucoagaricus	Leucoagaricus sultanii
e8b62040f34ae58e3cb7c5f629d1e00f	Eukaryota	Mucoromycota	Mortierellomycetes	Mortierellales	Mortierellaceae	Entomortierella	Entomortierella sugadairana
e90c975fea5bfe99dd606e2365449b83	Eukaryota	Basidiomycota	Agaricomycetes	Sebacinales	NA	Chaetospermum	Chaetospermum chaetosporum
e926ce913c347bb042fd5ad9197293c5	Eukaryota	Chytridiomycota	Chytridiomycetes	Rhizophydiales	Kappamycetaceae	Kappamyces	Kappamyces laurelensis
e941bd1ab8893ee127037880ed64ba29	Eukaryota	Ascomycota	Sordariomycetes	Hypocreales	Clavicipitaceae	Marquandomyces	Marquandomyces marquandii
ea5ef96c1b731f43698b1a379db2ce76	Eukaryota	Ascomycota	Dothideomycetes	Pleosporales	Sporormiaceae	Preussia	Preussia flanaganii
ea9bb6da3e71d24b40e9a2a01767a60d	Eukaryota	Basidiomycota	Agaricomycetes	Agaricales	Psathyrellaceae	Candolleomyces	Candolleomyces eurysporus
ec208ba7608507318debc904f69400f1	Eukaryota	Basidiomycota	Cystobasidiomycetes	NA	NA	Sakaguchia	Sakaguchia meli
ec65cb37c50444990b5f237d4bcda123	Eukaryota	Ascomycota	Dothideomycetes	Mycosphaerellales	Dissoconiaceae	Dissoconium	Dissoconium eucalypti
ec93ab7416453699f66736903e422ff9	Eukaryota	Basidiomycota	Microbotryomycetes	Sporidiobolales	Sporidiobolaceae	Rhodosporidiobolus	Rhodosporidiobolus ruineniae
eca45a84da2f713b8ba9c1e1a621c244	Eukaryota	Ascomycota	Dothideomycetes	Botryosphaeriales	Botryosphaeriaceae	Eutiarosporella	Eutiarosporella urbis-rosarum
ed318de07dd1f0f684e5f2565ebdaf28	Eukaryota	Basidiomycota	Agaricomycetes	Russulales	Russulaceae	Russula	Russula westii
ed5701a862664c9c0b26b909d06392c4	Eukaryota	Ascomycota	Sordariomycetes	Glomerellales	Glomerellaceae	Colletotrichum	Colletotrichum monsterae
ed6287e2e7ad4d518a2b6cb6b1bc9bcf	Eukaryota	Zoopagomycota	Basidiobolomycetes	Basidiobolales	Basidiobolaceae	Basidiobolus	Basidiobolus magnus
ee1627b890a3bbb01423442d47fcca78	Eukaryota	Ascomycota	Eurotiomycetes	Chaetothyriales	Herpotrichiellaceae	Neosorocybe	Neosorocybe pini
ee67c1683fbfb8991591482986350efd	Eukaryota	Chytridiomycota	Chytridiomycetes	Rhizophlyctidales	Borealophlyctidaceae	Borealophlyctis	Borealophlyctis paxensis
eef017bef6bd44bb3e5de9553e08058d	Eukaryota	Ascomycota	Leotiomycetes	Helotiales	Vandijckellaceae	Vandijckella	Vandijckella johannae
eef860e5c32bff1c66820b0c829d051b	Eukaryota	Ascomycota	Dothideomycetes	Pleosporales	Phaeosphaeriaceae	Neoophiobolus	Neoophiobolus chromolaenae
ef06187cf925a9efc31d47b927473e46	Eukaryota	Ascomycota	Eurotiomycetes	Chaetothyriales	Herpotrichiellaceae	Cladophialophora	Cladophialophora behniae
ef32209898393664de450fa379c89bfb	Eukaryota	Basidiomycota	Tremellomycetes	Tremellales	Bulleribasidiaceae	Vishniacozyma	Vishniacozyma kurtzmanii
ef7c227961c2ab5d0bcd422a6fb6805b	Eukaryota	Chytridiomycota	Chytridiomycetes	Chytridiales	Chytridiaceae	Chytridium	Chytridium olla
f00ae944f15d6ec8533b2e227430c4e6	Eukaryota	Mucoromycota	Mucoromycetes	Mucorales	Mucoraceae	Mucor	Mucor griseocyanus
f0231e204fee56edfa4af6c22342d222	Eukaryota	Mucoromycota	Glomeromycetes	Glomerales	Glomeraceae	Rhizophagus	Rhizophagus prolifer
f03e97727cd243af12f5fb950e46448a	Eukaryota	Mucoromycota	Umbelopsidomycetes	Umbelopsidales	Umbelopsidaceae	Umbelopsis	Umbelopsis dimorpha
f09ac1742ca68c19be2f997322a8de19	Eukaryota	Chytridiomycota	Monoblepharidomycetes	Monoblepharidales	Gonapodyaceae	Gonapodya	Gonapodya prolifera
f0a25bf2e7d760cfc3bfe40df8f75997	Eukaryota	Chytridiomycota	Chytridiomycetes	Spizellomycetales	Spizellomycetaceae	Spizellomyces	Spizellomyces acuminatus
f0a25e29faaa54d244c23f0cad453616	Eukaryota	Mucoromycota	Mortierellomycetes	Mortierellales	Mortierellaceae	Mortierella	Mortierella lapis
f1101c8ac75df7343dc1b5057c89bc9c	Eukaryota	Mucoromycota	Glomeromycetes	Glomerales	Glomeraceae	Rhizophagus	Rhizophagus prolifer
f17ddf2cb9fde1ba652816fe2b5aa6b7	Eukaryota	Ascomycota	Eurotiomycetes	Chaetothyriales	Trichomeriaceae	Knufia	Knufia tsunedae
f294b4143557e2bf62030b040426904d	Eukaryota	Ascomycota	Orbiliomycetes	Orbiliales	Orbiliaceae	Dactylella	Dactylella tenuifusaria
f2cf13f094904697577eada2f7a95326	Eukaryota	Mucoromycota	Mortierellomycetes	Mortierellales	Mortierellaceae	Linnemannia	Linnemannia amoeboidea
f31a49a9283551c0861cc669172218f8	Eukaryota	Ascomycota	Eurotiomycetes	Chaetothyriales	Herpotrichiellaceae	Exophiala	Exophiala lacus
f41e8ad66aa3b5052f59b7ea26215ba9	Eukaryota	Ascomycota	Dothideomycetes	Tubeufiales	Tubeufiaceae	Zaanenomyces	Zaanenomyces moderatricis-academiae
f461b909d0388816ae6a2ef538682d70	Eukaryota	Ascomycota	Leotiomycetes	Helotiales	Rutstroemiaceae	Clarireedia	Clarireedia bennettii
f465dac13577028595aa6e5bcbe18cc4	Eukaryota	Ascomycota	Eurotiomycetes	Chaetothyriales	NA	Neophaeococcomyces	Neophaeococcomyces aloes
f4ccf710f62ce3addd56e559649c94a3	Eukaryota	Ascomycota	Sordariomycetes	Sordariales	Schizotheciaceae	Echria	Echria gigantospora
f549e34de4d49ec3cf6a8ee6081ace1e	Eukaryota	Ascomycota	Orbiliomycetes	Orbiliales	Orbiliaceae	Orbilia	Orbilia tremulae
f550d4717a18e8f97c71c9db7ddd9ef9	Eukaryota	Ascomycota	Eurotiomycetes	Eurotiales	Aspergillaceae	Penicillium	Penicillium paraherquei
f5fcd39cb4d84fc1dee7423bbad03e08	Eukaryota	Basidiomycota	Agaricomycetes	Cantharellales	NA	Minimedusa	Minimedusa polyspora
f6758e7285d33212ebab5fcbf4cff6c6	Eukaryota	Basidiomycota	Agaricomycetes	Polyporales	Polyporaceae	Trametes	Trametes sanguinea
f6aac75fda41b0d6bd606b8a4084141c	Eukaryota	Ascomycota	Dothideomycetes	Botryosphaeriales	Melanopsaceae	Melanops	Melanops tulasnei
f6bbe3dc824bb810a32f9bafa115aff2	Eukaryota	Mucoromycota	Glomeromycetes	Diversisporales	Acaulosporaceae	Acaulospora	Acaulospora entreriana
f71457ae905eb435be8d77a91d8d678d	Eukaryota	Mucoromycota	Glomeromycetes	Archaeosporales	Archaeosporaceae	Archaeospora	Archaeospora ecuadoriana
f723380e31f49b3a7e8b1b70c03c8519	Eukaryota	Mucoromycota	Glomeromycetes	Diversisporales	Acaulosporaceae	Acaulospora	Acaulospora entreriana
f784c3b938ec99882158fa90e19163ff	Eukaryota	Ascomycota	Dothideomycetes	Pleosporales	Melanommataceae	Melanodiplodia	Melanodiplodia tianschanica
f78cebcffb4cb6c053cf5d9680b88b0f	Eukaryota	Ascomycota	Leotiomycetes	Helotiales	Rutstroemiaceae	Poculum	Poculum pseudosydowianum
f7f0e6e2a01560d573112038906b647d	Eukaryota	Ascomycota	Leotiomycetes	Phacidiales	NA	Collophorina	Collophorina rubra
f8bf4bc911554559de706a939253cf6e	Eukaryota	Ascomycota	Leotiomycetes	Leotiales	Tympanidaceae	Aotearoamyces	Aotearoamyces nothofagi
f91080c1da78f60244be5902c00abe78	Eukaryota	Basidiomycota	Agaricomycetes	Agaricales	Psathyrellaceae	Parasola	Parasola megasperma
f9681e936aa9c60354a50360376e28f0	Eukaryota	Basidiomycota	Tremellomycetes	Tremellales	Bulleribasidiaceae	Vishniacozyma	Vishniacozyma victoriae
fa280def9f65014e0bd93931cb2ad69a	Eukaryota	Basidiomycota	Agaricomycetes	Agaricales	Inocybaceae	Inocybe	Inocybe lavandulochlora
faef2369abeb8c46996ee8316346339e	Eukaryota	Basidiomycota	Agaricomycetes	Polyporales	Postiaceae	Postia	Postia crassicontexta
faf0866cc7bcaa3883f993a5d806a555	Eukaryota	Basidiomycota	Agaricomycetes	Thelephorales	Thelephoraceae	Tomentella	Tomentella tedersooi
fc3474440a0b9c8d45f964d0b78d0a95	Eukaryota	Ascomycota	Dothideomycetes	Pleosporales	Phaeosphaeriaceae	Sclerostagonospora	Sclerostagonospora elegiae
fc8df9ced7ab87cda93d7322ce5a91b1	Eukaryota	Chytridiomycota	Monoblepharidomycetes	Monoblepharidales	NA	Hyaloraphidium	Hyaloraphidium curvatum
fd02e16be5ce437a7d3de8b73b3b7cc4	Eukaryota	Ascomycota	Dothideomycetes	Pleosporales	NA	Antealophiotrema	Antealophiotrema brunneosporum
fdb5265e1874b13794ec9e4d40da2644	Eukaryota	Ascomycota	Eurotiomycetes	Chaetothyriales	Herpotrichiellaceae	Cladophialophora	Cladophialophora nyingchiensis
fe0d0838d17fa5c5dd7d3b641a1843d4	Eukaryota	Basidiomycota	Agaricomycetes	Polyporales	Postiaceae	Postia	Postia crassicontexta
fe3532ad063b0901007dc050a9b7f3ef	Eukaryota	Ascomycota	Orbiliomycetes	Orbiliales	Orbiliaceae	Hyalorbilia	Hyalorbilia oviparasitica
fe55321ee812e6e7b250feea9207f3ce	Eukaryota	Basidiomycota	Agaricomycetes	Amylocorticiales	Amylocorticiaceae	Podoserpula	Podoserpula pusio
fe97104ddd1d0738fead27257ac9dc6c	Eukaryota	Basidiomycota	Agaricomycetes	Agaricales	Psathyrellaceae	Psathyrella	Psathyrella merdicola
fec5b3d3cad72c3378e1f2808fc41219	Eukaryota	Streptophyta	Bryopsida	Grimmiales	Seligeriaceae	Seligeria	Seligeria acutifolia
fee35702f6b059057cfd88699ea3b75c	Eukaryota	Mucoromycota	Mortierellomycetes	Mortierellales	Mortierellaceae	Mortierella	Mortierella rostafinskii
ff4967f299c2ae0097ade61968f73fa0	Eukaryota	Zoopagomycota	Zoopagomycetes	Zoopagales	Piptocephalidaceae	Piptocephalis	Piptocephalis moniliformis
ffac6f5fa562ac29a28a0b9d730f79b0	Eukaryota	Ascomycota	Sordariomycetes	Coronophorales	Ceratostomataceae	Dactylidispora	Dactylidispora singaporensis
